" 3/8""";"COLOCHO PLASTICO 3/8"" P/ 55 HOJAS";OTROS
 40X9135;KKIT DE MANTENIMIENTO Lexmark 40X9135;LEXMARK
" 5/16""";"COLOCHO PLASTICO 5/16"" P/ 40 HOJAS";varios
" 7/16""";"COLOCHO PLASTICO 7/16"" P/ 70 HOJAS";varios
" RULO 9/16""";"COLOCHO PLASTICO 9/16"" P/ 100 PAG.";varios
 T671000;TANQUE DE MANTENIMIENTO EPSON / T671000 / WF-5190-WF-5690-WF-R5690-WF-49XX -WF-4;EPSON
0;LAPICERO PENTEL BK-890 AZUL  PUNTA FINA;PENTEL
0.5MM;MINA 0.5MM **;varios
0.5MM NEGRO;LAPIZ MECANICO 0.5 MM NEGRO**;PENTEL
0;EXENTO;varios
000;TOMA CORRIENTE HEMBRA SEC. POLAR 30A 125V;OTROS
000263;TONER 6R1007  ORIGINAL.;XEROX
006R01278;TONER 6R1278 P/ 4118 ORIGINAL;XEROX
006R01461;TONER 006R01461 NEGRO P/ WC 7120,7125,7220,7225 ORIGINAL;XEROX
006R01462;TONER 006R01462 YELLOW P/ WC 7120,7125,7220,7225 ORIGINAL;XEROX
006R01463;TONER 006R01463 MAGENTA P/ WC 7120,7125,7220,7225 ORIGINAL;XEROX
006R01464;TONER 006R01464 CYAN P/ WC 7120,7125,7220,7225 ORIGINAL;XEROX
006R01552;TONER 006R01552 P/ WC 5865/5890/5875 ORIGINAL RENDIMIENTO APROX. 55,000  PAG;XEROX
006R01583;TONER 006R01583 P/ 4110/4112/4127/4590/4595/ EPS;XEROX
006R01606;TONER 006R01606 P/ 5945 ORIGINAL;XEROX
01;BLOCK SMARTY RAYADO 45 HOJAS;SMARTY
013R00589;TAMBOR XEROX 013R00589 WORKCENTRE 123 M128 CC133 REND 60,000 PAGINAS;XEROX
013R00657;TAMBOR 013R00657 NEGRO P/ WC 7120, 7125, 7220,7225 ORIGINAL;XEROX
013R00658;TAMBOR 013R00658 AMARILLO P/ WC 7120,7125, 7220,7225 ORIGINAL;XEROX
013R00659;TAMBOR 013R00659 MAGENTA P/ WC7120,7125,7220,7225 ORIGINAL;XEROX
013R00660;TAMBOR 013R00660 CYAN P/ WC7120,7125,7220,7225 ORIGINAL;XEROX
02;GUILLOTINA INDUSTRIAL;varios
0675;TAMBOR XEROX 013R0675 P/B8045/5055/8065/8075, 4945.5955 Rend 200,000 p g;XEROX
084;FUSOR 115R00084 XEROX;XEROX
"1 «""";"COLOCHO PLASTICO 1 «"" PARA 320 HJS";varios
"1/2""";"COLOCHO PLASTICO DE 1/2"" PARA 90 HOJAS";varios
"1/4""";"COLOCHO PLASTICO 1/4"". PAQUETE DE 25 UND";varios
101R00434;CILINDRO ESTANDAR WC 5225/5230 CAP  50,000 PµG;XEROX
101R00435;DRUM HIGH CAPACITY WC  5225/5230  CAP 80,000 PµG;XEROX
101R00554;DRUM CARTRIDGE B405;XEROX
101R0554;DRUM 101R0554 P/ B400/ B405 ORIGINAL;XEROX
101R432;TAMBOR 101R432 ORIGINAL.;XEROX
101R434;CILINDRO 101R434 ORIGINAL;XEROX
101R435;CILINDRO 101R435 ORIGINAL.;XEROX
101R474;CILINDRO 101R474 P/ WC 3225 ORIGINAL;XEROX
104;TONER 104 MF4100/4200/4300/4600  ORIGINAL;CANON
106R01294;TONER 106R01294 P/ PHASER 5550 ORIGINAL;H.P.
106R01300;TONER 106R01300 NEGRO P/ WC 7142 ORIGINAL;XEROX
106R01301;TONER 106R01301 CYAN P/ WC 7142 ORIGINAL;XEROX
106R01302;TONER 106R01302 MAGENTA P/ WC 7142 ORIGINAL;XEROX
106R01303;TONER 106R01303 YELLOW P/ WC 7142 ORIGINAL;XEROX
106R01601;TONER 106R01601 CYAN P/ WC 6505 ORIGINAL;XEROX
106R01602;TONER 106R01602 MAGENTA P/ WC 6505 ORIGINAL;XEROX
106R01603;TONER 106R01603 YELLOW P/ WC 6505 ORIGINAL;XEROX
106R01604;TONER 106R01604 NEGRO P/ WC 6505 ORIGINAL;XEROX
106R01631;TONER 106R01631 CYAN ORIGINAL;XEROX
106R01632;TONER 106R01632 MAGENTA ORIGINAL;XEROX
106R01633;TONER 106R01633 YELLOW ORIGINAL;XEROX
106R01634;TONER 106R01634 NEGRO ORIGINAL;XEROX
106R02304;TONER 106R02304 P/ PHASER 3320 ORIGINAL;XEROX
106R02306;TONER 106R02306 ALTO RENDIMIENTO P/ PHASER 3320 ORIGINAL;XEROX
106R02312;TONER 106R02312 PARA 3325 ORIGINAL;XEROX
106R02721;TONER 106R02721/ WC 3615 ORIGINAL 5,900 PAG;XEROX
106R02723;TONER 106R02723 P/ WC3615 ORIGINAL 14,100 COPIAS APROX.;XEROX
106R02724;TONER XEROX 106R02724   25,300 PAGINAS;XEROX
106R02742;TONER  XEROX  106R02742 SUPER ALTA CAPACIDAD 30,000 PAG P/WC3655;XEROX
106R02752;TONER 106R02752 CYAN ALTA CAPAC.  P/ WC 6655 ORIGINAL;XEROX
106R02753;TONER 106R02753 MAGENTA ALTA CAPAC. P/ WC 6655 ORIGINAL;XEROX
106R02754;TONER 106R02754 YELLOW ALTA CAPAC. P/ WC 6655 ORIGINAL;XEROX
106R02755;TONER 106R02755 NEGRO ALTA CAPAC. P/ WC 6655 ORIGINAL;XEROX
106R02760;TONER 106R02760 CYAN ORIGINAL;XEROX
106R02761;TONER 106R02761 MAGENTA ORIGINAL;XEROX
106R02762;TONER 106R02762 YELLOW ORIGINAL;XEROX
106R02763;TONER 106R02763 NEGRO ORIGINAL;XEROX
106R02773;TONER 106R02773 P/ PHASER 3020 ORIGINAL;XEROX
106R02782;TONER 106R02782 P/PHASER 3052/3260/3215/3225 PAQ 2UNDS;XEROX
106R03105;TONER 106R03105 PARA WC 4265 ORIGINAL;XEROX
106R0335;TONER 106R03535 MAGENTA EXTRA ALTA CAPACIDAD P/ VERSALINK C400/C405 ORIGINAL;XEROX
106R03532;TONER 106R03532 NEGRO EXTRA ALTA CAPACIDAD P/ VERSALINK C400/C405 ORIGINAL;XEROX
106R03533;TONER 106R03533 YELLOW EXTRA ALTA CAPACIDAD P/ VERSALINK C400/C405 ORIGINAL;XEROX
106R03534;TONER 106R03534 CYAN EXTRA ALTA CAPACIDAD P/ VERSALINK C400/ C405 ORIGINAL;XEROX
106R03581;TONER 106R03581 P/ VERSALINK B400/B405 ORIGINAL;XEROX
106R03583;TONER 106R3583 ALTA CAPAC 13,900 PAG P/ VERSALINK B400/ B405 ORIGINAL;XEROX
106R03941;TONER 106R03941 P/VL B600-B610;XEROX
106R1034;TONER 106R1034 PARA 3420 ORIGINAL;XEROX
106R1047;TONER 106R1047 ORIGINAL.;XEROX
106R1159;TONER 106R1159 ORIGINAL. P/3117/3124/3125;XEROX
106R1246;TONER 106R1246 / PHASER 3428 ORIGINAL;XEROX
106R1277;TONER 106R1277 PARA WC5020 ORIGINAL.;XEROX
106R1281;TONER 106R1281 NEGRO P/ PHASER 6130 ORIGINAL;XEROX
106R1305;TONER 106R1305  ORIGINAL P WC5225/5230 (30,000 PAG);XEROX
106R1371;TONER 106R1371 ORIGINAL;XEROX
106R1373;TONER 106R1373 ORIGINAL.;XEROX
106R1374;TONER 106R1374/ PHASER 3250 ORIGINAL;XEROX
106R1410;TONER 106R1410 PARA WC4250/ 4260 ORIGINAL;XEROX
106R1413;TONER 106R1413  ORIGINAL PWC 5225/5230;XEROX
106R1415;TONER 106R1415 ORIGINAL.;XEROX
106R1456;TONER 106R1456 CYAN P/ PHASER 6128 ORIGINAL;XEROX
106R1457;TONER 106R1457 MAGENTA P/ PHASER 6128 ORIGINAL;XEROX
106R1458;TONER 106R1458 YELLOW P/ PHASER 6128 ORIGINAL;XEROX
106R1459;TONER 106R1459 ORIGINAL;XEROX
106R1485;TONER 106R1485 P/ WC 3210/3220 ORIGINAL;XEROX
106R1486;TONER 106R1486 COLOR NEGRO ORIGINAL;XEROX
106R1487;TONER 106R1487/ WC3210-3220 ORIG.;XEROX
106R1529;TONER 106R1529 P/WC3550 RENDIMIENTO 5000 PAG;3M
106R1531;TONER 106R1531/WC3550 ORIGINAL Rend. 11,000 p g;XEROX
106R1536;TONER 106R1536 P/ WC4600 ORIGINAL;XEROX
106R2180;TONER 106R2180/ WC3045 ORIGINAL;XEROX
106R2182;TONER 106R2182 3010/3040/3045 ORIGINAL;XEROX
106R2233;TONER 106R2233 CYAN ORIGINAL P/ PHASER 6600/ WC 6605;XEROX
106R2234;TONER 106R2234 MAGENTA ORIGINAL P/ PHASER 6600/ WC 6605;XEROX
106R2235;TONER 106R2235 YELLOW ORIGINAL P/ PHASER 6600/ WC 6605;XEROX
106R2236;TONER 106R2236 NEGRO ORIGINAL P/ PHASER 6600/ WC 6605;XEROX
106R2249;TONER 106R2249 CYAN 2,000 PAG P/6600/6605 ORIGINAL;XEROX
106R2250;TONER 106R2250 MAGENTA 2,000 PµG P/6600/6605 ORIGINAL;XEROX
106R2251;TONER 106R2251 YELLOW 2,000 PAG P/6600/6605  ORIGINAL;XEROX
106R2252;TONER 106R2252 NEGRO 3,000 PµG P/6600/6605  ORIGINAL;XEROX
106R2310;TONER 106R2310 P/ WC3315/ WC3325 ORIGINAL;XEROX
106R2732;TONER 106R2732 PARA WC 3615 ORIGINAL, ALTO RENDIMIENTO 25,300 PµGINAS APROX.;XEROX
106R2737;TONER 106R2737 P/ WC 3655 ORIGINAL. RENDIMIENTO APROX. DE 6,100 PAG;XEROX
106R2739;TONER 106R2739 P/ WC3655 ORIGINAL 14,400 PAG. APROX.;XEROX
106R2741;TONER 106R2741 P/ WC3655 ORIGINAL 25,900 PAG. APROX.;XEROX
106R2778;TONER 106R2778 /3225 ORIGINAL;XEROX
106R3048;TONER 106R3048 P/ PHASER 3020 ORIGINAL. 3,000 PAG. APROX;XEROX
106R3585;TONER 106R3585 EXTRA ALTA CAPACIDAD 24,600 VERSALINK B400/405;XEROX
106R584;TONER 106R584/412 ORIGINAL;XEROX
106R688;TONER 106R688/3450 ORIG.;XEROX
108;TONER 108 P/ LBP 3300/3360 ORIGINAL;CANON
108 C;CARTUCHO 14N0337 # 108 CYAN ORIGINAL;LEXMARK
108 M;CARTUCHO 14N0340 # 108 MAGENTA ORIGINAL;LEXMARK
108 Y;CARTUCHO 14N0342 # 108 YELLOW ORIGINAL;LEXMARK
108R00796;TONER 108R00796 ORIGINAL P/3635 REND. 10,000 PAG APROX;XEROX
108R00817;CARTUCHPO SOLID INK 108R00817 CYAN P/ PHASER 8860W;XEROX
108R00818;CARTUCHO SOLID INK 108R00818 P/ PHASER 8860W 6X3 MAGENTA;XEROX
108R00819;CARTUCHO SOLID INK 108R00819 P/ PHASER 8860W YELLOW;XEROX
108R00820;CARTUCHO SOLID INK 108R00820 NEGRO P/PHASER 8860W;XEROX
108R00837;TONER 108R00837 CYAN ORIGINAL;XEROX
108R00838;TONER 108R00838 MAGENTA ORIGINAL;XEROX
108R00839;TONER 108R00839 YELLOW ORIGINAL;XEROX
108R00840;TONER 108R00840 NEGRO ORIGINAL;XEROX
108R00936;TONER 108R00936 CYAN ORIGINAL;XEROX
108R00937;TONER 108R00937 MAGENTA ORIGINAL;XEROX
108R00938;TONER 108R00938 YELLOW ORIGINAL;XEROX
108R00939;TONER 108R00939 NEGRO ORIGINAL;XEROX
108R00940;TONER 108R00940 NEGRO P/ CQ 8570 ORIGINAL;XEROX
108R1410;TONER 108R1410 P/ WC 4250 ORIGINAL;H.P.
108R908;TONER 108R908 /3140/3155/3160 ORIG.;XEROX
108R909;TONER 108R909/3140 ORIGINAL;XEROX
109R747;TONER 109R747 ORIGINAL.;XEROX
109R748;TONER 109R748 ORIGINAL.;XEROX
10N0016;CARTUCHO 10N0016 # 16 NEGRO ORIGINAL.;LEXMARK
10N0026;CARTUCHO 10N0026 # 26 TRICOLOR ORIGINAL;LEXMARK
10N1117;CARTUCHO 10N1117 # 17 NEGRO ORIGINAL;LEXMARK
10N1127;CARTUCHO 10N1127 # 27 TRICOLOR ORIGINAL;LEXMARK
11 X 17;RESMA PAPEL BOND # 40, 11 X 17;varios
1115;IMPRESORA DESKJET INK ADVANTAGE 1115;H.P.
113R00670;TAMBOR 113R00670 P/ PHASER 5550/ 5500;XEROX
113R00692;TONER 113R00692 BLACK ORIGINAL.;XEROX
113R00693;TONER 113R00693 CYAN ORIGINAL;XEROX
113R00694;TONER 113R00694 YELLOW ORIGINAL;XEROX
113R00695;TONER 113R00695 MAGENTA ORIGINAL;XEROX
113R00723;TONER 113R00723 P6180 CYAN ORIGINAL;XEROX
113R00724;TONER 113R00724  P6180  MAGENTA ORIGINAL;XEROX
113R00725;TONER 113R00725 P6180 YELLOW ORIGINAL;XEROX
113R00726;TONER 113R00726 P6180  NEGRO ORIGINAL;XEROX
113R00762;CILINDRO 113R00762 P/ WC 4600 ORIGINAL;XEROX
113R00776;CILINDRO 113R00776 PARA WC 4265 ORIGINAL;XEROX
113R00779;CARTUCHO DE CILINDRO 113R00779MP/VERSALINK B7025;XEROX
113R0773;CILINDRO 113R0773 P/ 3615/3655;XEROX
113R446;TONER 113R446 ORIGINAL;XEROX
113R628;TONER 113R628/ 4400 ORIG.;XEROX
113R632;TONER 113R632 ORIGINAL.;XEROX
113R634;TONER 113R634 ORIGINAL;XEROX
113R657;TONER 113R657/4500 ORIG.;XEROX
113R663;TAMBOR 113R663 ORIGINAL;XEROX
113R671;TAMBOR 113R671 ORIGINAL;XEROX
113R674;TAMBOR 113R674 P/ WC 5855 ORIGINAL;XEROX
113R712;TONER 113R712/4510 HC ORIG.;XEROX
113R730;TONER 113R730 ORIGINAL;XEROX
113R755;CILINDRO 113R755 P/ WC 4260 ORIGINAL;XEROX
115R00084;KIT DE MANTENIMIENTO  P/WORK CENTRE 3610/3655;XEROX
1170D;TONER 1170D/ S15/LD015 ORIGINAL;RICOH
119;TONER 119 NEGRO MF414/416/419/5850/5880/5950/610   ORIGINAL;CANON
12 X 15 T/L;"SOBRES DE MANILA T/L 12 x 15""";varios
1200-AC;KRONOS 3 IN 1 UNIVERSAL REPEATE-ROUTER-ACCESS POINT, WIRELESS UP TO 1200 MBPS;NEXXT
12018SL;TONER 12018SL ORIGINAL;LEXMARK
125;TONER 125 ORIGINAL;CANON
128;TONER 128 GENERICO;PREMIER
128 CANON;TONER 128 ORIGINAL;CANON
12A4710;TONER 12A4710 ORIG.;LEXMARK
12A6835;TONER 12A6835 ORIG.;LEXMARK
12A6860;TONER 12A6860 ORIG.;LEXMARK
12A7460;TONER 12A7460 ORIGINAL 5,000 COPIAS APROX.;LEXMARK
12A7465;TONER 12A7465 ORIGINAL 32,000 COPIAS;LEXMARK
12A8302;TONER 12A8302 ORIG.;LEXMARK
12A8420;TONER 12A8420 ORIG.;LEXMARK
12A8425;TONER 12A8425 NEGRO ORIG.;LEXMARK
137;TONER 137 PARA MF216N/MF210/220/230/240 ORIGINAL;CANON
13R0623;TAMBOR 13R0623 PARA WC 4150 ORIGINAL;XEROX
13R0662;TAMBOR 13R0662 PARA WC7556/7855;XEROX
13R579;CILINDRO 13R579 ORIGINAL;XEROX
13R588;CILINDRO 13R88 MODELO WC3545/C2636A;XEROX
13R589;MODULO 13R589 ORIGINAL;XEROX
13R591;CILINDRO 013R00591 P/ WC 5325/5330/5335 ORIGINAL;XEROX
13R602;TONER 13R602 NEGRO P-WC7665 ORIGINAL;XEROX
13R603;TONER 13R603 COLOR P-WC7665 ORIGINAL;XEROX
13R621;TONER 13R621 ORIGINAL;XEROX
13R625;TONER 13R625 ORIG.;XEROX
13R636;CILINDRO 13R636 /  WC7132;XEROX
13R668;TAMBOR 13R668 ORIGINAL;XEROX
14 « X 17;BOLSA DE MANILA 14 « x 17;varios
14 7/8 X 11;FORMA CONTINUA 14 7/8 x 11 DE 2 TANTOS;varios
14N0820;CARTUCHO 14N0820 # 100 BLACK ORIGINAL;LEXMARK
14N0822;CARTUCHO 14N0822 # 105XL NEGRO ORIGINAL;LEXMARK
14N1069;CARTUCHO 14N1069 # 100 XL CYAN ORIGINAL;LEXMARK
14N1070;CARTUCHO 14N1070 # 100 XL MAGENTA ORIGINAL;LEXMARK
14N1071;CARTUCHO 14N1071 # 100 XL YELLOW ORIGINAL;LEXMARK
14N1607;CARTUCHO 14N1607 # 150 NEGRO ORIGINAL;LEXMARK
14N1608;CARTUCHO 14N1608 # 150 CYAN ORIGINAL;LEXMARK
14N1609;CARTUCHO 14N1609 # 150 MAGENTA ORIGINAL;LEXMARK
14N1610;CARTUCHO 14N1610 # 150 YELLOW ORIGINAL;LEXMARK
1529;TONER 106R01529 P/WC 3550 Rend. 5,000 p g;XEROX
15G041M;TONER 15G041M ORIG.;LEXMARK
15G041Y;TONER 15G041Y ORIG.;LEXMARK
1624;TONER CYAN  106R01624 PARA PHASER 7800;3M
1625;TONER YELLOW 106R01625 PARA PHASER 7800;XEROX
1626;TONER MAGENTA  106R0166  PARA PHASER 7800;XEROX
1710D3;TONER ML-1710 ORIG.;SAMSUNG
17G0050;CARTUCHO 17G0050 # 50 NEGRO ORIGINAL.;LEXMARK
17G0060;CARTUCHO 17G0060 # 60 TRICOLOR ORIGINAL.;LEXMARK
18C0032;CARTUCHO 18C0032 ORIG.;LEXMARK
18C0033;CARTUCHO 18C0033 ORIG.;LEXMARK
18C0034;CARTUCHO 18C0034 # 34 NEGRO ORIGINAL;LEXMARK
18C0035;CARTUCHO 18C0035 # 35 TRICOLOR ORIGINAL;LEXMARK
18S0090;TONER 18S0090 ORIG.;LEXMARK
1GQ92LA;LAPTOP HP x360  11-ab042la Touch Celeron N3060, Ram 4gb, DD500gb W10H white;H.P.
"2 1/4""";"CINTA BOND 2 1/4"" 48 YDS PARA CALCULADORA";varios
2 3/4;CINTA BOND 2 3/4 X 2 3/4 X 1;varios
"2 3/4""";"COLOCHO PLASTICO DE 2 3/4"" PARA 550 PAG";varios
"2 X 2""";"BLOCK ADHESIVO MINI 2 X 2"" CUBO NEON 250 HJS";varios
"2""";"COLOCHO PLASTICO DE 2"" PARA 400 PAGINAS";varios
"2"" X 200";"TAPE INDUSTRIAL TRANSPARENTE 2"" X 200 YD";varios
"2"" X 25YDS";"MASKING TAPE 2"" X 25 YDS";varios
20K500;TONER 20K500 CYAN ORIGINAL;LEXMARK
20K501;TONER 20K501 MAGENTA;LEXMARK
20K502;TONER 20K502 YELLOW ORIG.;LEXMARK
20K503;TONER 20K503 NEGRO ORIG.;LEXMARK
2135;IMPRESORA MULTIFUNCIONAL AIO 2135;H.P.
217-C;LAPICERO PENTEL BL-217C  AZUL 0.7mm;PENTEL
22 X 35;"RESMON DE PAPEL BOND # 40 DE 22 "" X 35";varios
2240;TONER ORIGINAL ML 2240;SAMSUNG
24018SL;TONER 12A8400/24018SL ORIG. P/E230/232/234/240/330,332,340,342;LEXMARK
260;TONER HP CE260A 647 NEGRO;H.P.
2675;IMPRESORA DESKJET INK 2675;H.P.
2735;TONER XEROX 106R02735 P/4265, 25,000 PAGINAS;XEROX
"3 3/4""";"COLOCHO PLASTICO DE 3 3/4"" PARA 750 PAGINAS";varios
3 X 3;"BLOCK ADHESIVO 3 X 3"" AMARILLO";varios
"3""";"COLOCHO PLASTICO 3"" P/450 HOJAS";varios
3/4;"MASKING TAPE 3/4"" x 25 YARDAS";varios
"3/4""";"COLOCHO PLASTICO 3/4"" P/ 150 PAG.";varios
3060 I3; PC DELL OPTIPLEX 3060 SPA SFF C13-8100 4GB, 1TB W109 1YR;DELL
3060 I5;PC DELL OPTIPLEX 3060 SFF I5-8400 8GB 1TB W10P 1WTY;DELL
3110D;TONER 3110D NEGRO ORIG.;RICOH
3117;TONER PHASER 3117 ORIG.;XEROX
32 GB USB;MEMORIA KINGSTON 8GB;varios
"32"" X 48""";"PIZARRA ACRILICA 32"" X 48"" **";varios
32GB;MEMORIA USB DE 32 GB;MAXELL
3395;TONER DMO P/IMPRESORA B7035/7020/7025/7030;XEROX
3396;TONER HICAP DMO B7025/7035;XEROX
3581;TONER NEGRO  STANDARD VERSALINK B40;XEROX
3635;IMPRESORA DESKJET INK ADVANTAGE 3635;H.P.
3775;IMPRESORA HP DESKJET INK ADVANTAGE - 3775 AIO - (P/C/S) - COLOR - AZUL;H.P.
3JA54AL;CARTUCHO 3JA54AL # 964XL CYAN/OfficeJet Pro 9010 / 9020 SERIES REN 1600 PAG;H.P.
3JA55AL;CARTUCHO 3JA55AL # 964XL MAGENTA/OfficeJet Pro 9010 / 9020 SERIES REN 1600 PAG;H.P.
3JA56AL;CARTUCHO 3JA56AL # 964XL YELLOW/OfficeJet Pro 9010 / 9020 SERIES REN 1600 PAG;H.P.
3JA57AL;CARTUCHO 3JA57AL # 964XL NEGRO/OfficeJet Pro 9010 / 9020 SERIES REN 2000 PAG;H.P.
3K UPS;UPS TRIPPLITE 3000VA 120V SURTA3000XL;TRIPP LITE
3PW94LA;"LAPTOP HP ENVY X360 13-ag0001la 13.3"" r3-2300u R4gb DD 256gb, SSD w10,";H.P.
3PX01LA;"LAPTOP HP ENVY X360 15-CN0002la 15.6""  i7-8550U 12GB  DD1TB, SSD128GB  W10";H.P.
3PX03LA;"LAPTOP HP PAVILION 15-cw0001la 15.6""AMDR3-2300U RAM 12GB, DD 1TB WIN10h SVR";H.P.
3PX31LA;"LAPTOP HP 15-da0006la 15"" i3-7020U, RAM 4GB, DD 1TB, WIN10H, BLACK SPA";H.P.
3PX93LA;"LAPTOP HP 14-CK0013la, 14"" I5-8250U, ram 8gb, dd 1tb, wind10H gray spa";H.P.
3X3 N;"BLOCK ADHESIVO 3"" X 3"" CUBO NEON";varios
3YP86AL;CABEZALES TRI-COLOR/BLACK GT 415 / 5820 PRINTHEAD KIT;H.P.
"4"" X 4"" TERM";"ROLLO DE ETIQUETA TERMICA 4"" X 4""";varios
415;IMPRESORA INK TANK WIRELESS 415 AIO;H.P.
4675;IMPRESORA TODO EN UNO DESKJET INK ADVANTAGE 4675;H.P.
4PF89LA;LAPTOP HP PAVILION GAMING  N VIDIA15-DK0001la I5 9300H 8GB 1TB W10H;H.P.
4X6R;"BLOCK ADHESIVO 4X6"" RAYADO";varios
5/8;COLOCHO PLASTICO 5/8;varios
500Z;FOTOCONDUCTOR 50F0Z00 ORIGINAL  P/MS/MX 310,410,510,610;LEXMARK
504H;TONER 50F4H00 ORIGINAL P/MS310/312/315/410/415/510/610;LEXMARK
504X;TONER 50F4X00 ORIGINAL P/M3410/510/610;LEXMARK
51626A;CARTUCHO 51626A ORIG.;H.P.
51629A;CARTUCHO 51629A ORIG.;H.P.
51640A;CARTUCHO 51640A ORIG.;H.P.
51641A;CARTUCHO 51641A ORIG.;H.P.
51645A;CARTUCHO 51645A # 45 NEGRO ORIGINAL;H.P.
51649A;CARTUCHO 51649A #49 ORIG.;H.P.
520Z;FOTOCONDUCTOR 52D0Z00 ORIGINAL;LEXMARK
524H;TONER 52D4H00 ORIGINAL P/ MS810/ MS811DN/812;LEXMARK
5790;IMPRESORA MULTIFUNCIONAL EPSON WORKFORCE PRO WF-C5790;EPSON
"6 X 9""";"BOLSA DE MANILA 6 «  x 9 « """;varios
604H;TONER 60F4H00 ORIGINAL P/MX310/410/510/511/610/611;LEXMARK
60F4X00;TONER 60F4X00 ALTO RENDIMIENTO 20,000 PAG P/MX511de;LEXMARK
624H;TONER 62D4H00 P/MX710/711/810/811/812, rend 25,000 p g.;LEXMARK
637668447238;DVD + RW 4.7GB;varios
64 GB;MEMORIA USB DE 64 GB;KINGSTON
64018HL;TONER 64018HL ORIGINAL.;LEXMARK
64018SL;TONER 64018SL ORIG.;LEXMARK
64418XL;TONER 64418XL ORIGINAL;LEXMARK
647;111111;H.P.
648 M;2222222;H.P.
648 Y;TONER HP CE262A 648 AMARILLO;H.P.
65X7D;"LAPTOP DELL INSPIRON15-5584 NVIDIA 15.6"" CORE I7-8565U  8GB-2TB W10H";DELL
6R01509;TONER 6R01509 P/ WC 7525/30/35/45 ORIGINAL;XEROX
6R01517;TONER 6R01517 NEGRO ORIGINAL p/7855;XEROX
6R01518;TONER 6R01518 YELLOW ORIGINAL;XEROX
6R01519;TONER 6R01519 MAGENTA ORIGINAL p/7855;XEROX
6R01520;TONER 6R01520 CYAN ORIGINAL p/7855;XEROX
6R1044;TONER 6R1044 ORIG.;XEROX
6R1046;TONER 6R1046 ORIG.;XEROX
6R1122;TONER 6R1122 NEGRO ORIG.;XEROX
6R1123;TONER XEROX 6R1123 CYAN ORIGINAL;XEROX
6R1124;TONER XEROX 6R1124 MAGENTA ORIGINAL;XEROX
6R1125;TONER 6R1125 YELLOW ORIG.;XEROX
6R1160;TONER 006R1160 / WC 5330/5325/5335 ORIGINAL Rend: 30,000 pag;XEROX
6R1179;TONER 6R1179/ M118  ORIGINAL 11,000 PµG;XEROX
6R1182;TONER 6R1182 ORIGINAL P/118  REND 30,000 PµG.;XEROX
6R1184;TONER 6R1184  ALTA CAPACIDAD 30,000 PµG P/M128  C123  ORIGINAL;XEROX
6R1276;TONER 6R01276 ORIGINAL;XEROX
6R1517;TONER 6R1517 NEGRO P/7855;XEROX
6R1551;TONER 6R1551 NEGRO P/ 5845/55/65/75/ 5890 ORIGINAL;XEROX
6R1561;TONER 6R1561 ORIGINAL;XEROX
6R1573;TONER 6R1573 P/ WC 5024  ORIGINAL;XEROX
6R1659;TONER 6R1659 NEGRO ORIGINAL P/ C-70;XEROX
6R1660;TONER 6R1660 CYAN ORIGINAL P/ C70;XEROX
6R1661;TONER 6R1661 MAGENTA ORIGINAL P/ C-70;XEROX
6R1662;TONER 6R1662 YELLOW ORIGINAL P/ C70;XEROX
6R255;TONER 6R255 P/ 5830;XEROX
7 MAT;CUADERNO UNIVERSITARIO RAYADO DE 7 MATERIAS, 210 HJS **;varios
"7/8""";"COLOCHO PLASTICO 7/8"" P/ 170 PAG.";varios
7020SFF;COMPUTADORA DE ESCRITORIO OPTIPLEX 7020-SFF/ I5/ 8GB/ 500GB DD;DELL
7025;TONER NEGRO 106R3396 (30,000 pag) P/7025;XEROX
748XL M;CAMBIO;EPSON
748XL N;CAMBIO;EPSON
748XL Y;CAMBIO;EPSON
748XLC;CAMBIO 6590;EPSON
7740;IMPRESORA MULTIFUNCIONAL OFFICEJET 7740 FORMATO ANCHO;H.P.
7753;CINTA LQ570/ 7753 ORIGINAL;EPSON
7754;CINTA 7754 ORIGINAL;EPSON
788XL C;CARTUCHO 788XL CYAN P/  PRO WF-R5690 ORIGINAL;EPSON
788XL M;CARTUCHO 788XL MAGENTA P/ PRO WF-R5690 ORIGINAL;EPSON
788XL N;CARTUCHO 788XL NEGRO P/ PRO WF R5690 ORIGINAL;EPSON
788XL Y;CARTUCHO 788XL YELLOW P/ PRO WF- R5690 ORIGINAL;EPSON
81N800H4US;LAPTOP LENOVO 81N800H4US 15.6 IE-8265U  8GB SSD 128GB WIN10 GRIS ENGLISH;LENOVO
841886;TONER 841886 PARA MP 402 ORIGINAL;RICOH
841993;TONER 841993 PARA MP 2554 ORIGINAL;RICOH
8710;IMPRESORA ALL IN ONE OFFICEJET PRO  8710;H.P.
8750;CINTA 8750 BLACK ORIGINAL.;EPSON
8755;CINTA 8755 ORIGINAL;EPSON
8766;CINTA 8766 ORIGINAL;EPSON
8858X;BATERIA PARA LAPTOP DEL TYPE 8858X;DELL
8R13036;CONTENEDOR DE RESIDUOS 8R13036;XEROX
8R13061;CONTENEDOR DE RESIDUOS 8R13061 PARA WC 7855 ORIGINAL;XEROX
9 «  X 11  4 T;FORMA CONTINUA 9 «  X 11 DE 4 TANTOS;varios
9 « X 11 1 T;FORMA CONTINUA 9 « X 11 DE 1 TANTO;varios
9 « X 11 2 T;FORMA CONTINUA  9 « X 11 DE 2 TANTOS;varios
9 « X 5 « 1 T;FORMA CONTINUA DE 9 « X 5 « 1 TANTO;PCFORM
9 « X 5 « 3 T;FORMA CONTINUA DE 9 « x 5 « 3 T;varios
9 « X 5 « 4 T;FORMA CONTINUA 9 « X 5 «  DE 4 TANTO;varios
9 VOLTS;BATERIA  ALCALINA 9 VOLTIOS;DURACELL
9 X 12;"SOBRES DE MANILA T/C  9 x 12""";varios
9«  x 11 3T;FORMA CONTINUA 9 « X 11 DE 3 TANTOS;varios
9« X 5 « 2 T;FORMA CONTINUA 9 « X 5« DE 2 TANTOS;PCFORM
92298A;TONER 92298A ORIG.;H.P.
981Y;CARTUCHO HP 981Y CYAN;H.P.
A MOU;ALMOHADILLA PARA / GEL 360/ NEGRO;varios
A/S;ALMOHADILLA PARA SELLO AZUL;varios
A4;RESMA DE PAPEL BOND A4;varios
AA;BATERIA ALCALINA  AA;DURACELL
AAA;BATERIA  ALCALINA AAA;DURACELL
AB355NXT11;Nexxt Cat5e U/UTP Cable CM Type China/LA Gray;NEXXT
ABACO;ABACO ESCOLAR PEQUE¥O DE MADERA **;varios
AC. R;MARCADOR ACRILICO ROJO.  **;ARTLINE
AC003XTK02;Xtech UTP Cable Cat5e 1000ft Gray XTC-220 AWG;X TECH
AC12DVTL;ARCHIVADOR ACORDEON T/L DE 12 DIVISIONES;varios
ACETATO;LAMINA DE ACETATO/FILMINA  T/C;varios
ACRI. 4 U;MARCADOR ACRILICO EK-519 PAQ. 4 UND.**;ARTLINE
ACRI. VERD;MARCADOR ACRILICO VERDE. **;ARTLINE
ACRIL N PF;MARCADOR ACRILICO COLOR NEGRO PUNTA FINA **;ARTLINE
ACRIL PF;MARCADOR ACRILICO COLOR AZUL PUNTA FINA **;ARTLINE
ACRIL. 1/6;MARCADOR ACRILICO PAQ. 6 UND;ARTLINE
ACRIL. AZUL;MARCADOR ACRILICO AZUL **;ARTLINE
ACRIL. NEGRO;MARCADOR ACRILICO NEGRO. **;ARTLINE
ACTA;LIBRO DE ACTAS;varios
ACUMUL;ACUMULADOR 12V 9AMP FUB 1290;FORZA
ADAP1;ADAPTADOR CASIO;CASIO
ADAPTER;NEXXT LYNXNANO ADAPTER WIRELESS 150 USB;NEXXT
ADAPTER HP 18.5;AC ADAPTER HP 18.5 3.5A 7X45.0 PIN AL CENTRO P/CARGADOR LAPTOP HP PROBOOK 645G1;H.P.
ADHESIVO;"BLOCK ADHESIVO 3 x 2"" DE 100 HOJAS";varios
AIRE C;AIRE COMPRIMIDO;varios
AL-100 DR;TAMBOR AL-100 DR ORIGINAL;SHARP
AL-280PU;ZK Magnetic lock bracket type U for AL-280 (LED) aluminium;ZK TECO
AL100TD;TONER AL-100TD ORIGINAL;SHARP
ALCG;ALCOHOL EN GEL;varios
ALM;MOUSE OPTICAL 2.4 Ghz  WIRELESS (375BL) BLUE KLIPX;KLIP  XTREME
ALM1;klipx MOUSE OPTICAL NANO DONGLE WIRELESS 2.4Ghz black;KLIP  XTREME
ALM2;klipx Mouse optical 2.4 GHZ WIRELESS KMO-375RD;KLIP  XTREME
ALMO;MOUSE KMW-330BL 1600DPI wireless;KLIP  XTREME
ALMOHADILLA;MOUSE PAD BLACK KNP-100B KLIPX GEL;KLIP  XTREME
AMPO T/C;ARCHIVADOR DE PALANCA T/C # 830;varios
AMPO T/L;ARCHIVADOR AMPO T/L # 835;varios
AR 310MT;AR-M 257 AR -310 MT;SHARP
AR-016LT;TONER AR-016LT ORIG.;SHARP
AR-020MT;TONER AR-020MT PARA AR-5520D ORIGINAL;SHARP
ARC;ARCHIVADOR ROBOT METALICO 2 GAVETAS C/RODOS;varios
ARCH. M. CART;ARCHIVADOR DE PALANCA MEDIA CARTA;varios
ARCHIV.;ARCHIVADOR METµLICO DE 4 GAVETAS T/L CON RIELES TELESCàPICOS;varios
ARM-207;TONER 202-MT/ARM-207 ORIG.;SHARP
AURIC;AUDIFONO;varios
AVR-750U;UPS 750VA-AVR750U-12 TOMAS- ESTABILIZADOR INTEGRADO;TRIPP LITE
AX10;CINTA AX-10 ORIGINAL;BROTHER
B JARD;BOLSA JARDINERA;varios
B T/LAPIZ;BORRADOR TIPO LµPIZ **;varios
B3M77A;KIT DE MANTENIMIENTO  HP-110V-LASERJET MFP M630;H.P.
B6200;TONER B6200/ B6250/ B6300 SERIES;OKIDATA
BADHI;BANDERITA ADHESIVA INFO;varios
BANDEJA;BANDEJA METALICA DE 2 DIVISIONES A4;POINTER
BAT;BATERIA PARA LENOVO X220;LENOVO
BAT DELL;BATERIA P/COMPUTADORA LAPTOP DELL 40WH;DELL
BAT RECAR AA;BATERIA RECARGABLE AA;DURACELL
BAT RECAR AAA;BATERIA RECARGABLE AAA;DURACELL
BAT-9V-RECAR;BATERIA RECARGABLE 9 VOLTIOS;DURACELL
BAT. C;"BATERIA ALCALINA ""C"" MEDIANA";DURACELL
BATERIA;"BATERIA ALCALINA ""D"" GRANDE";varios
BB;BOLSA DE GABACHA PLASTICA COLOR BLANCO **;varios
BC05CL;CARTUCHO BC-05 COLOR ORIG.;CANON
BC20;CARTUCHO BC-20 ORIG.;CANON
BC21E;CARTUCHO BC21E ORIG.;CANON
BCI-6PC;CARTUCHO BCI 6 PC PHOTO CYAN ORIG;CANON
BCI-6PM;CARTUCHO BCI 6 PM PHOTO MAGENTA ORIG;CANON
BCI21CL;CARTUCHO BCI-21 COLOR ORIG.;CANON
BCI24 BK;CARTUCHO BCI-24BK ORIG.;CANON
BCI24 CL;CARTUCHO BCI-24CL ORIG.;CANON
BCI24BK;CARTUCHO BCI-24 NEGRO ORIG.;CANON
BCI3EC;CARTUCHO BCI-3EC CELESTE ORIG.;CANON
BCI3EM;CARTUCHO BCI-3EM ROSADO ORIG.;CANON
BCI3EY;CARTUCHO BCI-3EY AMARILLO ORIG.;CANON
BCI6BK;CARTUCHO BCI - 6BK ORIG.;CANON
BCI6C;CARTUCHO BCI - 6C ORIG.;CANON
BCI6M;CARTUCHO BCI - 6M ORIG.;CANON
BCI6Y;CARTUCHO BCI - 6Y ORIG.;CANON
BIC CLA NE;LAPICERO  NEGRO **;BIC
BINDER;HOJAS TRANSPARENTES P/ BINDER T/C PAQ. 100 UND;varios
"BINDER 1""";"BINDER DE 1""";varios
"BINDER 2""";"BINDER 2"" PLASTIFICADO";varios
BL CONST;PAPEL CONSTRUCCIàN. BLOCK DE 24 HJS. ***;varios
BL-417R;LAPICERO BL417-R ENERGEL 0.7 mm ROJO **;PENTEL
BL417-A;LAPICERO BL417-A ENERGEL 0.7 mm NEGRO**;PENTEL
BL417-C;LAPICERO BL417-C ENERGEL 0.7mm AZUL  **;PENTEL
BL417-D;LAPICERO BL417-D ENERGEL 0.7mm VERDE**;PENTEL
BL417-F;LAPICERO BL417-F ENERGEL 0.7mm ORANGE**;PENTEL
BL417-P;LAPICERO BL417-P ENERGEL 0.7mm PINK**;PENTEL
BL417-S;LAPICERO BL417-S ENERGEL 0.7 mm SKY BLUE**;PENTEL
BL417-V;LAPICERO BL417-V ENERGEL 0.7mm VIOLET**;PENTEL
BLOCK R;BLOCK RAYADO TAMA¥O CARTA **;varios
BLOCK RAY T/C;LIBRETA AMARILLA TAMA¥O CARTA **;varios
BLOCK S/RAYA;BLOCK SIN RAYA TAMA¥O CARTA **;varios
BOL P;BOLAS DE POROPLAST PAQ. DE 15 UND.;varios
"BOND 24 """;"PAPEL BOND DE 24""";3M
BORR. ESCOB.;BORRADOR DE ESCOBILLA;varios
BORR. GRANDE;BORRADOR DE LECHE GRANDE **;varios
BORRADOR;BORRADOR DE LECHE **;varios
BPP;BORRADOR PARA PIZARRA ACRILICA **;varios
BPTM;BOTAS DE PUNTA METALICA COLOR NEGRA;CAT
"BR 2""";"BROCHA DE 2 """;varios
BRES;BLOCK RAYADO CON ESPIRAL **;varios
"BROCHA 1""";"BROCHA DE 1 "" **";varios
BT.;BATERIA PARA LAPTOP;varios
BTCP2025;BANDA DE TRANSFERENCIA PARA H.P CP2025;H.P.
BTRA;BANDA DE TRANSFERENCIA P/ PHASER 6180;XEROX
BTWC;BANDA DE TRANSFERENCIA P/ WC 710;XEROX
BX487-C;LAPICERO AZUL 0.7mm BX 487- C **;PENTEL
"C 3X3""";"CINTA BOND 3 X 3"" DE 2 TANTOS";varios
C-103;TONER CANON 103 LBP3000 ORIGINAL;CANON
C-115;TONER C-115 ORIG.;CANON
"C. 25"" X 36""";"PLIEGO DE CARTON 25"" X 36""";varios
C104;TONER C-104 ORIG.;CANON
C1823D;CARTUCHO C1823D # 23 TRICOLOR ORIGINAL;H.P.
C1Q12A;CARTUCHO C1Q12A # 727 MATTE BLACK;H.P.
C2H67A;KIT DE MANTENIMIENTO C2H67A P/ M806 ORIGINAL;H.P.
C2P19AL;CARTUCHO C2P19AL # 934 NEGRO ORIGINAL;H.P.
C2P23AL;CARTUCHO C2P23AL # 934XL NEGRO ORIGINAL;H.P.
C2P24AL;CARTUCHO C2P24AL # 935XL CYAN ORIGINAL;H.P.
C2P25AL;CARTUCHO C2P25AL # 935XL MAGENTA ORIGINAL;H.P.
C2P26AL;CARTUCHO C2P26AL # 935XL YELLOW ORIGINAL;H.P.
C3903A;TONER C3903A # 03A ORIGINAL.;H.P.
C3906A;TONER C3906A # 06A ORIGINAL.;H.P.
C4092A;TONER C4092A # 92A  ORIGINAL.;H.P.
C4096A;TONER C4096A # 96A ORIGINAL.;H.P.
C4127A;TONER C4127A # 27A ORIGINAL.;H.P.
C4127X;TONER C4127X # 27X ORIGINAL;H.P.
C4129X;TONER C4129X # 29X ORIGINAL;XEROX
C4182X;TONER C4182X # 82X ORIGINAL;H.P.
C4810A;CABEZAL C4810A # 11 NEGRO ORIGINAL;H.P.
C4811A;CABEZAL DE IMPRESION CYAN # 11;H.P.
C4812A;CABEZAL DE IMPRESION MAGENTA # 11;H.P.
C4813A;CABEZAL C4813A # 11 YELLOW ORIGINAL;H.P.
C4821A;CABEZAL C4821A # 80 ORIGINAL;H.P.
C4822A;CABEZAL C4822A # 80 ORIGINAL;H.P.
C4823A;CABEZAL C4823A # 80 ORIGINAL;H.P.
C4836A;CARTUCHO C4836A # 11 CYAN ORIGINAL;H.P.
C4837A;CARTUCHO C4837A # 11 MAGENTA ORIGINAL;H.P.
C4838A;CARTUCHO C4838A # 11 YELLOW ORIGINAL;H.P.
C4844A;CARTUCHO C4844A # 10 NEGRO ORIGINAL;H.P.
C4900A;CABEZAL DE IMPRESION C4900A # 940 NEGRO/ YELLOW ORIGINAL;H.P.
C4901A;CABEZAL DE IMPRESION C4901A # 940 MAGENTA/ CYAN ORIGINAL.;H.P.
C4902A;CARTUCHO C4902A # 940 NEGRO ORIGINAL;H.P.
C4903A;CARTUCHO C4903A # 940 CYAN ORIGINAL;H.P.
C4904A;CARTUCHO C4904A # 940 MAGENTA ORIGINAL;H.P.
C4905A;CARTUCHO C4905A # 940 YELLOW ORIGINAL;H.P.
C4906A;CARTUCHO C4906A #940XL BLACK ORIGINAL;H.P.
C4907;CARTUCHO C4907A #940XL CYAN ORIGINAL;H.P.
C4908A;CARTUCHO C4908A #940XL MAGENTA ORIGINAL;H.P.
C4909A;CARTUCHO C4909A #940XL YELLOW ORIGINAL;H.P.
C4911A;CARTUCHO C4911A #82 CYAN ORIGINAL;H.P.
C4912A;CARTUCHO C4912A #82 MAGENTA ORIGINAL;H.P.
C4913A;CARTUCHO C4913A #82 YELLOW ORIGINAL;H.P.
C4927A;CARTUCHO HP C4927A # 85 YELLOW ORIGINAL;H.P.
C500H2CG;TONER C500H2CG ORIGINAL;LEXMARK
C500H2KG;TONER C500H2KG ORIGINAL;LEXMARK
C500H2MG;TONER C500H2MG ORIGINAL;LEXMARK
C500H2YG;TONER C500H2YG ORIGINAL;LEXMARK
C5016A;CARTUCHO C5016A NEGRO ORIG.;H.P.
C5018A;CARTUCHO C5018A MAGENTA ORIG.;H.P.
C540A1KG;TONER C540A1KG NEGRO;LEXMARK
C540H1CG;TONER C540H1CG CYAN ORIGINAL;LEXMARK
C540H1KG;TONER C540H1KG NEGRO ORIGINAL;LEXMARK
C540H1MG;TONER C540H1MG MAGENTA ORIGINAL;LEXMARK
C540H1YG;TONER C540H1YG YELLOW ORIGINAL;LEXMARK
C540X35G;FOTOCONDUCTOR C540X35G ORIGINAL;LEXMARK
C5F93A;Impresora HP LaserJet Pro M402n SOLO IMPRESORA;H.P.
C6578D;CARTUCHO C6578D # 78 TRICOLOR ORIGINAL;H.P.
C6614D;CARTUCHO C6614D # 20 NEGRO ORIG.;H.P.
C6615D;CARTUCHO C6615D # 15 NEGRO ORIGINAL;H.P.
C6625A;CARTUCHO C6625A # 17 TRICOLOR ORIGINAL;H.P.
C6656A;CARTUCHO C6656A # 56 NEGRO ORIGINAL;H.P.
C6657A;CARTUCHO C6657A # 57 TRICOLOR ORIGINAL;H.P.
C7115A;TONER C7115A # 15A NEGRO ORIGINAL.;H.P.
C7115X;TONER C7115X # 15X NEGRO ORIGINAL;H.P.
C734A1KG;TONER C734A1KG NEGRO ORIGINAL;LEXMARK
C8061A;TONER C8061A ORIGINAL;H.P.
C8061X;TONER C8061X ORIG.;H.P.
C8543X;TONER C8543X ORIG.;H.P.
C8727A;CARTUCHO C8727A # 27 NEGRO ORIGINAL;H.P.
C8728A;CARTUCHO C8728A # 28 TRICOLOR ORIGINAL;H.P.
C8765W;CARTUCHO C8765W # 94 NEGRO ORIGINAL;H.P.
C8766W;CARTUCHO C8766W # 95 TRICOLOR ORIG.;H.P.
C8767W;CARTUCHO C8767W # 96 NEGRO ORIGINAL;H.P.
C8788FN;CARTUCHO C8788FN # 45 y # 78 ORIGINAL;H.P.
C9153A;KIT DE MANTENIMIENTO C9153A P/ M9050 ORIGINAL;H.P.
C920;CAMARA WEB C920 PRO HD;LOGITECH
C9349FL;CARTUCHO C9349FL # 97 TRICOLOR ORIGINAL.;H.P.
C9351A;CARTUCHO C9351A # 21 NEGRO ORIGINAL  RENDI  190 PAG;H.P.
C9351CL;CARTUCHO C9351CL # 21XL NEGRO ORIG.;H.P.
C9352A;CARTUCHO C9352A # 22 TRICOLOR ORIGINAL REND 160 PµG;H.P.
C9352CL;CARTUCHO C9352CL # 22XL TRICOLOR ORIGINAL;H.P.
C9361W;CARTUCHO C9361W # 93 TRICOLOR ORIG.;H.P.
C9362W;CARTUCHO C9362W # 92 NEGRO ORIG.;H.P.
C9363W;CARTUCHO C9363W # 97 TRICOLOR ORIGINAL;H.P.
C9364W;CARTUCHO C9364W # 98 NEGRO ORIG.;H.P.
C9370A;CARTUCHO C9370A # 72 PHOTO BLACK;H.P.
C9371A;CARTUCHO C9371A # 72 CYAN ORIGINAL;H.P.
C9372A;CARTUCHO C9372A # 72 MAGENTA ORIGINAL;H.P.
C9373A;CARTUCHO C9373A # 72 YELLOW ORIGINAL;H.P.
C9374A;CARTUCHO C9374A #72 GRAY ORIG.;H.P.
C9380A;CABEZAL HP C9380A # 72 GRAY/ PHOTO BLACK ORIG;H.P.
C9381A;CABEZAL C9381A BLACK/YELLOW;H.P.
C9382A;CABEZAL C9382A CYAN/MAGENTA;H.P.
C9383A;CABEZAL HP C9383A # 72 MAGENTA/ CYAN ORIGINAL;H.P.
C9384A;CABEZAL HP C9384A # 72 MATTE BLACK/ YELLOW OR;H.P.
C9385A;CARTUCHO C9385A # 88A NEGRO ORIGINAL;H.P.
C9386A;CARTUCHO C9386A # 88A CYAN ORIGINAL;H.P.
C9387A;CARTUCHO C9387A # 88A MAGENTA ORIGINAL;H.P.
C9388A;CARTUCHO C9388A # 88A YELLOW ORIGINAL;H.P.
C9390A;CARTUCHO C9390A # 70 CYAN CLARO ORIGINAL;H.P.
C9391A;CARTUCHO C9391A # 88XL CYAN ORIGINAL;H.P.
C9392A;CARTUCHO C9392A # 88XL MAGENTA ORIGINAL;H.P.
C9393A;CARTUCHO C9393A # 88XL YELLOW ORIGINAL;H.P.
C9396A;CARTUCHO C9396A # 88XL NEGRO ORIGINAL;H.P.
C9397A;CARTUCHO HP C9397A # 72 PHOTO BLACK ORIGINAL;H.P.
C9398A;CARTUCHO HP C9398A # 72 CYAN ORIGINAL;H.P.
C9399A;CARTUCHO HP C9399A # 72 MAGENTA ORIGINAL;H.P.
C9400A;CARTUCHO HP C9400A # 72 YELLOW ORIGINAL;H.P.
C9401A;CARTUCHO HP C9401A # 72 GRAY ORIGINAL;H.P.
C9403A;CARTUCHO C9403A # 72 BLACK MATTE ORIGINAL;H.P.
C9427A;CARTUCHO C9427A # 85 YELLOW ORIGINAL;H.P.
C9700;TONER C9700 ORIG.;H.P.
C9701;TONER C9701 ORIG.;H.P.
C9702;TONER C9702 ORIG.;H.P.
C9703;TONER C9703 ORIG.;H.P.
C9720A;TONER C9720A NEGRO ORIG.;H.P.
C9721A;TONER C9721A CYAN ORIG.;H.P.
C9722A;TONER C9722A YELLOW ORIG.;H.P.
C9723A;TONER C9723A MAG ORIG.;H.P.
C9730A;TONER C9730A BLACK ORIG.;H.P.
C9731A;TONER C9731A CYAN ORIG.;H.P.
C9732A;TONER C9732A YELLOW ORIG.;H.P.
C9733A;TONER C9733A MAGENTA ORIG.;H.P.
CAB-LQ590;CABEZAL PARA IMPRESORA LQ-590;EPSON
CABLE;CABLE UTP CAT6 TIPO CM, CALIBRE 23 AWG, 4 PARES, 8 CONDUCTORES. CAJA DE 1,000 FT;NEXXT
CAJA CHICA;"CAJA CHICA 10 """;varios
CAL1;CALCULADORA 12 DIGITOS HR-8RC;CASIO
CALADORA G.;CALADORA GRANDE;varios
CALC. MX125;CALCULADORA DE 12 DIGITOS MX-125 PEQUE¥A;CASIO
CALCULADORA;CALCULADORA DE 14 DIGITOS GX-14B;CASIO
CAMERA;PROVISION CAMERA -AHD ECO SERIES DOME METAL;varios
CANON120;TONER  120 P/D1120 D1150 D1320 D1350;CANON
CARBON 1;PAPEL CARBON T/L NEGRO CAJA DE 100 UNDS;varios
CARBON L;PAPEL CARBON COLOR AZUL TAMA¥O LEGAL 1/100;varios
CARBON T/C;PAPEL CARBON TAMA¥O CARTA. CAJA DE 100 UND.;varios
CARBONC;LAPIZ CARBONCILLO. CAJA DE 12 UND;POINTER
CARG. LP;CARGADOR PARA  LAPTOP;varios
CARGADOR UNIV;CARGADOR UNIVERSAL PARA BATERIA AA-AAA-9VOLTIOS;varios
CARP ENG;CARPETA PLASTICA T/C P/  ENCUADERNAR COLOR AHUMADO;varios
CART DISP;LµMINA DE CARTON DISPLAY;varios
CART. B;CARTULINA  COLORES VARIOS;varios
CARTCH;CARTUCHERA CHENSON;varios
CARTON;CARTàN PARA MAQUETA;varios
cartucho;CARTUCHO EPSON NEGRO ORIGINAL;EPSON
CARTULINA;CARTULINA BRISTOL COLORES VARIOS;varios
CASSETTE C-869R;EPSON 500-SHEET OPTIONAL  CASSETTE UNIR WF-C869R;EPSON
CB316WL;CARTUCHO CB316WL # 564 NEGRO  ORIGINAL;H.P.
CB318WL;CARTUCHO CB318WL # 564 CYAN ORIGINAL;H.P.
CB319WL;CARTUCHO CB319WL # 564 MAGENTA ORIGINAL;H.P.
CB320WL;CARTUCHO CB320WL # 564 YELLOW ORIGINAL;H.P.
CB335W;CARTUCHO CB335W # 74 NEGRO ORIGINAL;H.P.
CB336W;CARTUCHO CB336W # 74 XL NEGRO ORIGINAL;H.P.
CB337W;CARTUCHO CB337W # 75 TRICOLOR ORIGINAL;H.P.
CB338W;CARTUCHO CB338W # 75XL COLOR ORIGINAL;H.P.
CB388A;KIT DE MANTENIMIENTO CB388A 110V ORIGINAL;H.P.
CB390A;TONER CB390A # 825A NEGRO ORIGINAL;H.P.
CB435A;TONER CB435A # 35A P1005/P1006 ORIGINAL.;H.P.
CB436A;TONER CB436A # 36A M1120/MFP M1522/MFP P1505 ORIGINAL;H.P.
CB540A;TONER CB540A # 125A NEGRO CP1210/CP1215/CM1312  ORIGINAL 2200 pag;H.P.
CB541A;TONER CB541A # 125A CYAN CP1210/CP1215/CM1312  ORIGINAL 1400pag;H.P.
CB542A;TONER CB542A # 125A YELLOW CP1210/CP1215/CM1312  ORIGINAL 1400pag;H.P.
CB543A;TONER CB543A # 125A MAGENTA CP1210/CP1215/CM1312  ORIGINAL 1400pag;H.P.
CC364A;TONER CC364A # 64A ORIGINAL;H.P.
CC364X;TONER CC364X # 64X NEGRO ORIGINAL;H.P.
CC530A;TONER CC530A #304 NEGRO CP2025/CM2320  ORIGINAL;H.P.
CC531A;TONER CC531A #304 CYAN CP2025/CM2320  ORIGINAL;H.P.
CC532A;TONER CC532A #304 YELLOW CP2025/CM2320 ORIGINAL;H.P.
CC533A;TONER CC533A #304 MAGENTA CP2025/CM2320 ORIGINAL;H.P.
CC640W;CARTUCHO CC640W # 60 NEGRO ORIGINAL REND 200 PµG;H.P.
CC641W;CARTUCHO CC641W # 60XL NEGRO ORIGINAL;H.P.
CC643W;CARTUCHO CC643W # 60 TRICOLOR ORIGINAL REND 160 PAG;H.P.
CC644W;CARTUCHO CC644W # 60XL TRICOLOR ORIGINAL;H.P.
CC653A;CARTUCHO CC653A # 901 NEGRO ORIGINAL  200 pag;H.P.
CC654A;CARTUCHO CC654A # 901XL NEGRO ORIGINAL;H.P.
CC656A;CARTUCHO CC656A # 901 TRICOLOR ORIGINAL REND 360 PµG;H.P.
CC9;CINTA CARNAVAL # 9 COLOR LILA;varios
CCJ;CLIP JUMBO DE COLORES;varios
CCL;CONTACT CLEANER/ LIMPIADOR DE CONTACTO;SABO
CCR;CORRECTOR DE CINTA RETRACTIL EN SECO;varios
CCTL;CARPETA COLGANTE TAMA¥O LEGAL;varios
CD- R;CD-R;varios
CD-R TORRE;CD-R TORRE DE 100 UNIDADES;varios
CD-RW;CD-RW;varios
CD972AL;CARTUCHO CD972AL # 920XL CYAN ORIGINAL;H.P.
CD973AL;CARTUCHO CD973AL # 920XL MAGENTA ORIGINAL;H.P.
CD974AL;CARTUCHO CD974AL # 920XL YELLOW ORIGINAL;H.P.
CD975AL;CARTUCHO CD975AL # 920XL NEGRO ORIGINAL;H.P.
CE250A;TONER CE250A # 504A NEGRO CP3525N ORIGINAL;H.P.
CE251A;TONER CE251A # 504A CYAN CP3525N  ORIGINAL;H.P.
CE252A;TONER CE252A # 504A AMARILLO CP3525N  ORIGINAL;H.P.
CE253A;TONER CE253A # 504A MAGENTA CP3525N ORIGINAL;H.P.
CE255A;TONER CE255A # 55A P/ LASERJET PRO M521 ORIGINAL;H.P.
CE255X;TONER CE255X # 55X NEGRO ORIGINAL;H.P.
CE260A;TONER CE260A # 647A NEGRO ORIGINAL;H.P.
CE261A;TONER CE261A # 648A CYAN ORIGINAL;H.P.
CE262A;TONER CE262A # 648A YELLOW ORIGINAL;H.P.
CE263A;TONER CE263A # 648A MAGENTA ORIGINAL;H.P.
CE270A;TONER CE270A # 650 NEGRO ORIGINAL;H.P.
CE271A;TONER CE271A # 650 CYAN ORIGINAL;H.P.
CE272A;TONER CE272A # 650 YELLOW ORIGINAL;H.P.
CE273A;TONER CE273A # 650 MAGENTA ORIGINAL;H.P.
CE278A;TONER CE278A # 78A P 1536/1566/P1606 ORIGINAL. 2100 pag;H.P.
CE285A;TONER CE285A # 85A P1102/M1132/M1212/M1217 ORIGINAL 1600 pag;H.P.
CE310A;TONER CE310A # 126A BLACK CP1025/1025 NW ORIGINAL;H.P.
CE311A;TONER CE311A # 126A CYAN CP1025/1025 NW  ORIGINAL;H.P.
CE312A;TONER CE312A # 126A YELLOW CP1025/1025NW  ORIGINAL;H.P.
CE313A;TONER CE313A  #126A MAGENTA CP1025/1025NW ORIGINAL;H.P.
CE314A;DRUM CE314A # 126A ORIGINAL;H.P.
CE320A;TONER CE320A # 128A BLACK CM1415/CP1525  ORIGINAL;H.P.
CE321A;TONER CE321A # 128A CYAN CM1415/CP1525 ORIGINAL;H.P.
CE322A;TONER CE322A # 128A YELLOW  CM1415/CP1525 ORIGINAL;H.P.
CE323A;TONER CE323A # 128A MAGENTA CM1415/CP1525  ORIGINAL;H.P.
CE390A;TONER CE390A # 90A M601/602/303/M4555 ORIGINAL;H.P.
CE390X;TONER CE390X # 90X ORIGINAL;H.P.
CE400A;TONER CE400A # 507A NEGRO M551DN / M575DN   ORIGINAL;H.P.
CE401A;TONER CE401A # 507A CYAN  M551DN / M575DN  ORIGINAL;H.P.
CE402A;TONER CE402A # 507A YELLOW  M551DN / M575DN ORIGINAL;H.P.
CE403A;TONER CE403A # 507A MAGENTA   M551DN / M575DN ORIGINAL;H.P.
CE410A;TONER CE410A # 305A BLACK PRO M451DN/DW/M475DN/ DW/MFP400 ORIGINAL;H.P.
CE410X;TONER CE410X # 305X NEGRO ORIGINAL;H.P.
CE411A;TONER CE411A # 305A CYAN PRO M451DN/DW/M475DN/ DW/MFP400  ORIGINAL;H.P.
CE412A;TONER CE412A # 305A YELLOW PRO M451DN/DW/M475DN/ DW/ MFP400 ORIGINAL;H.P.
CE413A;TONER CE413A # 305A MAGENTA PRO M451DN/DW/M475DN/ DW/MFP400 ORIGINAL;H.P.
CE505A;TONER CE505A # 05A ORIGINAL P2055;H.P.
CE505X;TONER CE505X # 05X ORIGINAL P2055;H.P.
CE740A;TONER CE740A # 307A NEGRO ORIGINAL;H.P.
CE741A;TONER CE741A # 307A CYAN ORIGINAL;H.P.
CE742A;TONER CE742A # 307A YELLOW ORIGINAL;H.P.
CE743A;TONER CE743A # 307A MAGENTA ORIGINAL;H.P.
CEL COLV;PAPEL CELOFAN COLORES VARIOS;varios
CEL. TRANS;PAPEL CELOFAN TRANSPARENTE  PAQ. 100 UND;varios
CF031A;TONER CF031A # 646A CYAN ORIGINAL;H.P.
CF032A;TONER CF032A # 646A YELLOW ORIGINAL;H.P.
CF033A;TONER CF033A # 646A MAGENTA ORIGINAL;H.P.
CF064A;HP Kit de Mantenimiento CF064A, 110V, 225.000 P ginas LaserJet Enterprise M600;H.P.
CF210A;TONER CF210A # 131A NEGRO M251NW/M276NW ORIGINAL;H.P.
CF211A;TONER CF211A # 131A CYAN M251NW/M276NW  ORIGINAL;H.P.
CF212A;TONER CF212A # 131A YELLOW M251NW/M276NW   ORIGINAL;H.P.
CF213A;TONER CF213A # 131A MAGENTA M251NW/M276NW  ORIGINAL;H.P.
CF214A;TONER CF214A # 14A ORIGINAL;H.P.
CF214X;TONER CF214X # 14X NEGRO ORIGINAL;H.P.
CF217A;TONER CF217A # 17A  M102A/M102W/M130A/FN/FW/NW ORIGINAL;H.P.
CF219A;DRUM CF219A # 19A M102/M104/MFPM130/MFPM132 ORIGINAL;H.P.
CF226A;TONER CF226A # 26A M402DN/M426DW/FDW ORIGINAL Rend: 3,100 p g.;H.P.
CF226X;TONER CF226X # 26X  M402/M426 ORIGINAL, rend 9000 p g;H.P.
CF230A;TONER CF230A # 30A M203DW/DN/M227FDW ORIGINAL;H.P.
CF230X;TONER CF230X # 30X P/M227FDW  ORIGINAL;H.P.
CF232A;DRUM CF232A # 32A ORIGINAL;H.P.
CF237A;TONER HP CF237A # 37A REND/11000 PAG PARA LJE M631DN;H.P.
CF248A;TONER CF248A # 48A PARA M15W LJ PRO M28W;H.P.
CF258A;TONER HP ORIGINAL 58A P/M404, MFP M428;H.P.
CF279A;TONER CF279A # 79A MFP M26A/NW/M12W  ORIGINAL,Rend 1,000 p g;H.P.
CF280A;TONER CF280A # 80A  400, M401DW/M425DN ORIGINAL;H.P.
CF280X;TONER CF280X # 80X 400 M401/ 400 M425 ORIGINAL;H.P.
CF281A;TONER CF281A # 81A MFP M630  ORIGINAL;H.P.
CF281X;TONER CF281X # 81X ORIGINAL;H.P.
CF283A;TONER CF283A # 83A M125/M127FN/M201/M225 ORIGINAL;H.P.
CF283X;TONER CF283X # 83X ORIGINAL P/ M201/ MFP M225DN/DW;H.P.
CF287A;TONER CF287A # 87A ORIGINAL 9,000 p g M506/MFP M527;H.P.
CF287X;TONER CF287X # 87X ORIGINAL 18,000 PµG M506/MFP M527;H.P.
CF289A;TONER HP CF289#89A NEGRO P/M507 MFP M528;H.P.
CF320A;TONER CF320A # 652A NEGRO ORIGINAL;H.P.
CF321A;TONER CF321A # 653A CYAN ORIGINAL;H.P.
CF323A;TONER CF323A # 653A MAGENTA ORIGINAL;H.P.
CF325X;TONER CF325X #25X ORIGINAL REND 34,500 PG M806 MFP M830;H.P.
CF350A;TONER CF350A # 130A NEGRO  MFP M176N/M177FW ORIGINAL;H.P.
CF351A;TONER CF351A # 130A CYAN MFP M176N/M177FW  ORIGINAL;H.P.
CF352A;TONER CF352A # 130A YELLOW MFP M176N/M177FW  ORIGINAL;H.P.
CF353A;TONER CF353A # 130A MAGENTA MFP M176N/M177FW  ORIGINAL;H.P.
CF360A;TONER CF360A # 508A NEGRO M552/M553  ORIGINAL;H.P.
CF361A;TONER CF361A # 508A CYAN M552/M553  ORIGINAL;H.P.
CF362A;TONER CF362A # 508 YELLOW M552/M553 ORIGINAL;H.P.
CF363A;TONER CF363A # 508A MAGENTA  M552/M553 ORIGINAL;H.P.
CF380A;TONER CF380A # 312A NEGRO MFP M476  ORIGINAL;H.P.
CF380X;TONER CF380X # 312X NEGRO ORIGINAL;H.P.
CF381A;TONER CF381A # 312A CYAN MFP M476  ORIGINAL;H.P.
CF382A;TONER CF382A # 312A YELLOW  MFP M476 ORIGINAL;H.P.
CF383A;TONER CF383A # 312A MAGENTA MFP M476  ORIGINAL;H.P.
CF400A;TONER CF400A # 201A NEGRO M277DW/M252DW ORIGINAL;H.P.
CF401A;TONER CF401A # 201A CYAN M277DW/M252DW ORIGINAL;H.P.
CF402A;TONER CF402A # 201A YELLOW M277DW/M252DW  ORIGINAL;H.P.
CF403A;TONER CF403A # 201A MAGENTA M277DW/M252DW  ORIGINAL;H.P.
CF410A;TONER CF410A # 410A NEGRO M452DW/M477FDW  ORIGINAL;H.P.
CF410X;TONER CF410X # 410X NEGRO ORIGINAL;H.P.
CF411A;TONER CF411A # 410A CYAN M452DW/M477FDW ORIGINAL;H.P.
CF411X;TONER CF411X #410X  CYAN ORIGINAL;H.P.
CF412A;TONER CF412A # 410A YELLOW  M452DW/M477FDW  ORIGINAL;H.P.
CF412X;TONER CF412X #410X YELLOW ORIGINAL;H.P.
CF413A;TONER CF413A # 410A MAGENTA  M452DW/M477FDW  ORIGINAL;H.P.
CF413X;TONER CF413X #410X MAGENTA ORIGINAL;H.P.
CF500A;TONER CF500A # 202A NEGRO M254/MFP M280/MFP M281 ORIGINAL;H.P.
CF501A;TONER CF501A # 202A CYAN M254/MFP M280/MFP M281 ORIGINAL;H.P.
CF502A;TONER CF502A # 202A AMARILLO M254/MFP M280/MFP M281 ORIGINAL;H.P.
CF503A;TONER CF503A # 202A MAGENTA M254/MFP M280/MFP M281 ORIGINAL;H.P.
CF510A;TONER CF510A # 204A BLACK P/MFP 180NW ORIGINAL;H.P.
CF511A;TONER CF511A # 204A CYAN /MFP 180NW ORIGINAL;H.P.
CF512A;TONER CF512A # 204A AMARILLO P/MFP 180NW ORIGINAL;H.P.
CF513A;TONER CF513A # 204A  MAGENTA P/MFP 180NW ORIGINAL;H.P.
CF540A;TONER HP CF540A #203A NEGRO P/M254,MFP M280/281 REND 1400;H.P.
CF541A;TONER HP CF541A #203A CYAN P/M254/MFP M280/M281 REND 1,300 PµGINAS;H.P.
CF542A;TONER  HP CF542A #203A YELLOW P/M254, MFP M280/281 REND 1,300 PµG;H.P.
CF543A;TONER HP CF543A #203A  MAGENTA  M254/MFP M280/281;H.P.
CF563X;TONER CF563X # 508X MAGENTA ORIGINAL;H.P.
CFB;CAJA FUERTE BLOQUEO;varios
CH;CHALUPA;varios
CH561HL;CARTUCHO CH561HL # 122 NEGRO ORIGINAL, Rend 120 p g;H.P.
CH562HL;CARTUCHO CH562HL # 122 TRICOLOR ORIGINAL, rend  100 p g;H.P.
CH563HL;CARTUCHO CH563HL # 122 XL NEGRO ORIGINAL, Rend 480 p g;H.P.
CH564HL;CARTUCHO CH564HL # 122 XL TRICOLOR ORIGINAL, REND 330 PµG;H.P.
CH565A;CARTUCHO CH565A # 82 BLACK ORIGINAL;H.P.
CHIC P;TARRO DE CHICLE DE PELOTA DE COLORES VARIOS **;varios
CHIMB. CE;CHIMBOMBA CELESTE COLORES VARIOS ***;varios
CHIMB. LI;CHIMBOMBA LILA 100 UND;varios
CHIMB. RO;CHIMBOMBA ROSADO 100 UND;varios
CHN;CHINCHE NIQUELADO;varios
CINTA 2300;CINTA PARA LEXMARK IBM 2300;UNITYPE
"CINTA 3""";"CAJAS DE CINTA PAPEL BOND 3"", 1 X 96";varios
CINTA CORREC;CINTA CORRECTORA ORIG.;varios
CINTA REG;ROLLO DE CINTA PARA LAZO COLORES VARIOS;varios
CINTBIC;CINTA BICOLOR PARA MAQUINA DE ESCRIBIR;varios
CJA PL;CAJA PLASTICA SIN DIVISIONES PARA LAPICES;varios
CL-141;CARTUCHO CL-141 TRICOLOR ORIGINAL;CANON
CL-146;CARTUCHO CL-146 TRICOLOR ORIGINAL;CANON
CL-146 XL;CARTUCHO CL-146XL TRICOLOR ORIGINAL;CANON
CL-211;CARTUCHO CL-211 COLOR ORIGINAL;CANON
CL-246;CARTUCHO CL-246 TRICOLOR ORIGINAL;CANON
CL-41;CARTUCHO CL-41 COLOR ORIGINAL;CANON
CL-54;CARTUCHO CL-54 TRICOLOR ORIGINAL;CANON
CL-546;CARTUCHO CL-546 TRICOLOR ORIGINAL;CANON
"CLAMP 1 1/4""";"CLAMP DE 1 1/4"" CJA DE 12 UND";varios
"CLAMP 1 5/8""";CLAMP 1 5/8ïï  (41 mm);varios
"CLAMP 1""";"CLAMP DE 1"" CJA DE 12 UND";varios
CLAMP 2ïï;CLAMP 2ïï  (51mm)  UND;varios
CLI-221BK;CARTUCHO CLI- 221 BK ORIGINAL;CANON
CLI-221C;CARTUCHO CLI- 221 CYAN ORIGINAL;CANON
CLI-221M;CARTUCHO CLI-221 MAGENTA ORIGINAL;CANON
CLI-221Y;CARTUCHO CLI-221 YELLOW ORIGINAL;CANON
CLI-36;CARTUCHO CLI-36 COLOR ORIG.;CANON
CLI8BK;CARTUCHO CLI8BK ORIG.;CANON
CLI8C;CARTUCHO CLI8C ORIG.;CANON
CLI8M;CARTUCHO CLI8M ORIG.;CANON
CLI8Y;CARTUCHO CLI8Y ORIG.;CANON
CLIP C;CLIP DE COLORES ESTANDAR;varios
CLIP JUMBO;CLIP NIQUELADO JUMBO 50 mm CAJA DE 100 PIEZAS;varios
CLIPS;CLIP NIQUELADO STANDARD 33 mm CAJA DE 100 PIEZAS;varios
CLT-C504S;TONER CLT-C504S CYAN ORIGINAL;SAMSUNG
CLT-K504S;TONER CLT-K504S NEGRO ORIGINAL;SAMSUNG
CLT-M504S;TONER CLT-M504S MAGENTA ORIGINAL;SAMSUNG
CLT-Y504S;TONER CLT-Y504S YELLOW ORIGINAL;SAMSUNG
CMOS;BATERIA CMOS CR2032;varios
CMQE;CINTA PARA MAQUINA DE ESCRIBIR WPT 150 NAKAJIMA;varios
CN;CARTULINA FLUORESCENTE COLORES VARIOS **;varios
CN045AL;CARTUCHO CN045AL # 950XL NEGRO ORIGINAL p/200z, 251dw, 276dw, 8100,8110,8600;H.P.
CN046AL;CARTUCHO CN046AL # 951XL CYAN ORIGINAL p/200z, 251dw, 276dw, 8100,8110,8600;H.P.
CN047AL;CARTUCHO CN047AL # 951XL MAGENTA ORIGINAL p/200z, 251dw, 276dw, 8100,8110,8600;H.P.
CN048AL;CARTUCHO CN048AL # 951XL YELLOW ORIGINAL p/200z, 251dw, 276dw, 8100,8110,8600;H.P.
CN049AL;CARTUCHO CN049AL # 950 NEGRO ORIGINAL;H.P.
CN050AL;CARTUCHO CN050AL # 951 CYAN ORIGINAL;H.P.
CN051AL;CARTUCHO CN051AL # 951 MAGENTA ORIGINAL;H.P.
CN052AL;CARTUCHO CN052AL # 951 YELLOW ORIGINAL;H.P.
CN053AL;CARTUCHO CN053AL # 932XL NEGRO ORIGINAL;H.P.
CN054AL;CARTUCHO CN054AL # 933XL CYAN ORIGINAL;H.P.
CN055AL;CARTUCHO CN055AL # 933XL MAGENTA ORIGINAL;H.P.
CN056AL;CARTUCHO CN056AL # 933XL YELLOW ORIGINAL;H.P.
CN057AL;CARTUCHO CN057AL # 932 NEGRO ORIGINAL;H.P.
CN621A;CARTUCHO CN621A # 970 NEGRO ORIGINAL;H.P.
CN622A;CARTUCHO CN622A # 971 CYAN ORIGINAL;H.P.
CN623A;CARTUCHO CN623A # 971 MAGENTA ORIGINAL;H.P.
CN624A;CARTUCHO CN624A # 971 YELLOW ORIGINAL;H.P.
CN625A;CARTUCHO CN625A # 970XL NEGRO ORIGINAL;H.P.
CN626A;CARTUCHO CN626A # 971XL CYAN ORIGINAL;H.P.
CN627A;CARTUCHO CN627A # 971XL MAGENTA ORIGINAL;H.P.
CN628A;CARTUCHO CN628A # 971XL YELLOW ORIGINAL;H.P.
CN690AL;CARTUCHO CN690AL # 675 NEGRO ORIGINAL;H.P.
CN691AL;CARTUCHO CN691AL # 675 TRICOLOR ORIGINAL;H.P.
CNTC;PAPEL CARBON TAMA¥O CARTA NEGRO;varios
COLORES;RESMA DE HOJAS COLORES VARIADOS T/C. PAQ. DE 500 UND;varios
CONECT RJ45;CONECTORES RJ45;varios
CONT;FORMA CONTINUA 14 7/8 X11 1)TANTO;varios
CONT RES;CONTENEDOR DE RESIDUOS  008R13089 PARA FOTOC. 7120;XEROX
COOLER;ENFRIADOR PARA LAPTOP;ARGOM
CORR. FCO;CORRECTOR LIQUIDO EN FRASCO **;varios
CORRECTOR;CORRECTOR  LIQUIDO TIPO LµPIZ **;varios
CPA;CAJAS PARA ARCHIVO DE DOCUMENTOS;varios
CPCS;CARPETA PLASTICA CON SOLOPA;varios
CPE;CARPETA DE CARTON PARA ENCUADERNAR T/C .;varios
CPEA;CARPETA PLASTICA P/ ENCUADERNAR COLOR AZUL. PQT DE 50 PIEZAS;varios
CR  XTECH;CARD READER INTERNO XTECH XTA 170;X TECH
CRAY;CRAYOLAS REDONDAS - CAJA DE 8 COLORES ***;varios
CREPE;PAPEL CREPE COLORES VARIOS;varios
CREPE CELESTE;PAPEL CREPE CELESTE;varios
CTA. FACIL;CERA PARA CONTAR;varios
CUAD. 100 H;CUADERNO COSIDO RAYA 100 H/ 200 PAG **;PACASA
CUAD. PAUT;CUADERNO PAUTADO**;varios
CUAD100/200;CUADERNO COSIDO RAYADO 100/200 **;SMARTY
CUADERNO;CUADERNO COSIDO RAYADO DE 100 HOJAS**;varios
CZ103AL;CARTUCHO CZ103AL # 662 BLACK ORIGINAL 120 pag  P/1015,1515,1516,2515,2545,2546,2;H.P.
CZ104AL;CARTUCHO CZ104AL # 662 TRICOLOR ORIGINAL 100 pag P/1015,1515,1516,2515,2545,2546;H.P.
CZ105AL;CARTUCHO CZ105AL # 662XL NEGRO ORIGINAL 360 PµG P/1015,1515,1516,2515,2545,2546,;H.P.
CZ106AL;CARTUCHO CZ106AL # 662XL TRICOLOR ORIGINAL REND 300 PAG P/1015,1515,1516,2515,25;H.P.
CZ113AL;CARTUCHO CZ113AL #670 BLACK ORIGINAL;H.P.
CZ114AL;CARTUCHO CZ114AL #670 CYAN ORIGINAL;H.P.
CZ115AL;CARTUCHO CZ115AL #670 MAGENTA ORIGINAL;H.P.
CZ116AL;CARTUCHO CZ116AL #670 YELLOW ORIGINAL;H.P.
CZ117AL;CARTUCHO CZ117AL #670XL BLACK ORIGINAL 550 pag;H.P.
CZ118AL;CARTUCHO CZ118AL #670XL CYAN ORIGINAL 750 pag;H.P.
CZ119AL;CARTUCHO CZ119AL #670XL MAGENTA ORIGINAL 750 pag;H.P.
CZ120AL;CARTUCHO CZ120AL #670XL YELLOW ORIGINAL 750 pag;H.P.
CZ129A;CARTUCHO CZ129A # 711 NEGRO  38ml ORIGINAL P/ PLOTTER T120 Rend: 900 p g.;H.P.
CZ130A;CARTUCHO CZ130A # 711 CYAN ORIGINAL P/PLOTTER T120;H.P.
CZ131A;CARTUCHO CZ131A # 711 MAGENTA P/ PLOTTER T120;H.P.
CZ132A;CARTUCHO CZ132A # 711 YELLOW ORIGINAL P/ PLOTTER T120;H.P.
CZ133A;CARTUCHO CZ133A # 711 NEGRO 80ml ORIGINAL P/ PLOTTER T120 Rend: 2,000 p g.;H.P.
CZ637AL;CARTUCHO CZ637AL # 46 NEGRO ORIGINAL;H.P.
CZ638AL;CARTUCHO CZ638AL # 46 TRICOLOR ORIGINAL;H.P.
D GPR-54 N;DRUM GPR-54 NEGRO P/ C1435IF ORIGINAL;CANON
DD 1 TB;DISCO DURO INTERNO P/ LAPTOP 2.5 1TB SEAGATE ST1000SM048;SEAGATE
DD SOLIDO 240;DISCO DURO ESTADO SOLIDO 240GB KINGSTON/SSDNOW/SATA III;KINGSTON
DD3T;DISCO DURO INTERNO DE 3TB;TOSHIBA
DDE1T;DISCO DURO EXTERNO DE 2 TB;TOSHIBA
DDE4TB;DISCO DURO EXTERNO DE 4TB;SEAGATE
DDI;"DISCO DURO INTERNO 1TB 3.5"" P/ PC";TOSHIBA
DELL 7060; PC DELL OPTIPLEX 7060 SFF SPA 17-8700 8GB, 1TB, W10P 3YR;DELL
DELL MONIT 21.5;"MONITOR DELL E2216H 21.5"" 1920 X 1080 VGA DP LEP";DELL
DI-390AEVF;Provision ISR Camera AHD Pro Ser Bullet IR 40M 2.8-12mm lens;PROVISION ISR
DI-390AHD36+;Provision AHD Pro 1080P Dome IR metal (2pcs Array) 3.6mm;PROVISION ISR
DI-390AHDEVF+;Provision Camera-AHD Eco Series Dome metal IR(36 leds) plus;PROVISION ISR
DI-390AVF;Provision AHD ProSeries 2.8-12 mm lens 1/3 Sensor 2 MP white;PROVISION ISR
DI-390IP5S36;PRO IP camera 2MP IR 15mts H265 ICR DWDR 3.6mm lens IP66;PROVISION ISR
DI-390IP5SVF;Provision Isr-Camera- H.265 S-SightDome IR 15M 2.8-11mm;PROVISION ISR
DIARIO;LIBRO DIARIO PASTA NEGRA;varios
DISCO 1;DISCO DURO INTERNO 1TB/TOSHIBA/SATA/PARA PC;TOSHIBA
DISCO D.;DISCO DURO EXTERNO DE 1 TB;ADATA
DISCO DURO EXTE;DISCO DURO EXTERNO ADATA/3TB/NEGRO/HM900-3TU3;ADATA
DK-170;FOTOCONDUCTOR DK-170;KYOCERA
DK-3130;UNIDAD DE IMAGEN DK-3130 ORIGINAL;KYOCERA
DPC;DISPENSADOR DE ESCRITORIO PARA CINTA;varios
DR 620;TAMBOR DR 620 ORIGINAL;BROTHER
DR TN323;DRUM TN323 KONICA MINOLTA ORIGINAL;KONICA MINOLTA
DR TN324C;DRUM TN324C CYAN KONICA MINOLTA ORIGINAL;KONICA MINOLTA
DR TN324K;DRUM TN324K BLACK KONICA MINOLTA ORIGINAL;KONICA MINOLTA
DR TN324M;DRUM TN324M MAGENTA KONICA MINOLTA ORIGINAL;KONICA MINOLTA
DR TN324Y;DRUM TN324Y YELLOW KONICA MINOLTA ORIGINAL;KONICA MINOLTA
DR- 360;CILINDRO DR-360 ORIGINAL;BROTHER
DR-113;TAMBOR DR-113 ORIGINAL;KONICA MINOLTA
DR-200;TAMBOR DR-200 ORIGINAL;BROTHER
DR-620;CILINDRO DR-620 ORIGINAL;BROTHER
DR-720;TAMBOR DR-720 ORIGINAL;BROTHER
DR350;DRUM DR 350 ORIGINAL;BROTHER
DRA-L23;TELEFONO CELULAR Y5 2018 BLACK DRA- L23/ LX3;HUAWEI
DS-1630; DS-1630 SCANNER-DUPLEX-LEGAL-1200;EPSON
DSH;PROYECTOR POWERLITE X41+ XGA 3600 LUM;EPSON
DTDUO;MEMORIA 32GB USB 3.0 MICRO DUO/ DTDUO3;KINGSTON
DVD-R;DVD - R;varios
E-112LA;COMPUTADORA ALL IN ONE DESKTOP E-112LA # T6F64AA;H.P.
E1916HV;MONITOR DELL E1916HV W LED 18.5 (1366X768) VGA NEGRO;DELL
E250A11L;TONER E250A11L ORIGINAL;LEXMARK
E250X22G;FOTOCONDUCTOR E250X22G ORIGINAL;LEXMARK
E260A11L;TONER E260A11L ORIGINAL;LEXMARK
E260X22G;FOTOCONDUCTOR E260X22G ORIGINAL P/E260/360/460/462/X264/363/364/463;LEXMARK
E360H11L;TONER E360H11L ORIGINAL P/E360/E460/E462;LEXMARK
E450A11L;TONER E450A11L ORIGINAL;LEXMARK
E6B68A#BGJ;HP LaserJet Enterprise M604dn COLOR MONOCROMATICA;H.P.
EK-90 AZ;MARCADOR PERMANENTE AZUL EK-90**;ARTLINE
EMPL M;"EMPLASTIFICADORA MAJESTIK DE 9""";varios
ENCLOSURE;ENCLOSURE PARA DISCO DURO SATA;varios
ENG;ENGRAPADORA MINI;varios
ENG MT;ENGRAPADORA MEDIA TIRA EMM 5S;varios
ENG. IND;ENGRAPADORA INDUSTRIAL T-50;varios
ENGRAPADORA;ENGRAPADORA  DE TIRA COMPLETA  B440-BLACK;BOSTITCH
EP22;TONER EP22 ORIGINAL;CANON
EP26;TONER EP26  LBP 3200 ORIGINAL;CANON
EPL6200;TONER EPL-6200 L 3K ORIG.;EPSON
ERC-31B;CINTA ERC-31B;EPSON
ERC-32B;CINTA ERC-32B ORIGINAL;EPSON
ERC38B;CINTA ERC-38B NEGRA ORIGINAL;EPSON
ESC;ESTACION SOLDADURA CAUTIN;varios
ESC N;PLIEGO DE FOAMY ESCARCHADO NEGRO;varios
ESCARC DOR;ESCARCHA COLOR DORADA 250 GRS.;varios
ESCARCH VERD;ESCARCHE COLOR VERDE 250 GRS.;varios
ESCARCHA;ESCARCHA COLOR ROJA DE 250 GRS;varios
ESETNOD32;ANTIVIRUS ESET NOD 32 ANUAL SUSCRIPCION ACTIVATION CARD;ESET NOD32
ESTG;ESTUCHE GEOMETRICO **;varios
ETIQ;ETIQUETADORA DE PRECIO EN DàLARES;varios
ETIQ PR;ETIQUETAS PARA PRECIO 1/500;varios
ETIQ ROLL;MILLAR DE ETIQUETA 2 X 1 Z-ULTIMATE 4000-T (2000 C/U);ZEBRA
ETIQ. FOLD;ETIQUETA PARA FOLDER PQT DE 200 UND;varios
EX801A;ZK Exit button stell aluminum plate 3A 36VDC MAX;PROVISION ISR
EXCENTO;000000;varios
F  ESC. R;PLIEGO DE FOAMY ESCARCHADO ROJO;varios
F CEL;PLIEGO DE FOAMY CELESTE;varios
F NAR;PLIEGO DE FOAMY ANARANJADO;varios
F R;PLIEGO DE FOAMY ROJO;varios
F WC 3220;FUSOR P/ WC 3220 ORIGINAL;XEROX
F21 LITE/ID;ZK Fingerprint TA and Access Control Standalone Device;ZK TECO
F3615;FUSOR ASSY 120V/ 33615;XEROX
F3655;FUSOR ASSY 110V PARA WC 3655 ORIGINAL;XEROX
F6V28A;CARTUCHO F6V28A # 664 TRICOLOR ORIGINAL;H.P.
F6V29A;CARTUCHO F6V29A # 664 NEGRO ORIGINAL;H.P.
F6V30AL;CARTUCHO F6V30AL # 664XL TRICOLOR ORIGINAL REND 330 PµG;H.P.
F6V31AL;CARTUCHO F6V31AL # 664XL NEGRO ORIGINAL REND 480 PµG;H.P.
F9J65A;CARTUCHO F9J65A #728 YELLOW  130 ml P/T830, T730;H.P.
F9J66A;CARTUCHO F9J66A #728 MAGENTA 130 ml P/T830 /T730;H.P.
F9J67A;CARTUCHO F9J67A #728 CYAN  130 ml P/T830/T730;H.P.
F9J68A;CARTUCHO F9J68A #728 MATTE BLACK 300 ml P/T830/T730;H.P.
FA120V;FUSOR ASSY 120V P/ WC710;XEROX
FAST PL;FASTENER 8 CM PLASTICO DE COLORES;varios
FAST.;FASTENERS 8CM;varios
FAST. LAT;FASTENER LATONADO CAJA;varios
FC SOLAPA;FOLDER CON SOLAPA PAQUETE 25 UNID;varios
FCB;FOLDER « CEJA CON FASTENER INCLUIDO;varios
FDP;FUENTE DE PODER FPC  600W FAN 800MM 20+4+2 SATA PFC-PS600;varios
FECH;FECHADOR;varios
FICH R;FICHEROS RAYADOS;varios
FIG-L23;TELEFONO CELULAR P SMART FIG-L23 BLACK DUAL SIM 4 GB;HUAWEI
FOAMI G;FIGURA DE FOAMY ADHESIVO - PAQ 25 UND;varios
FOLDER COLOR;FOLDER T/C DE COLORES. CAJA DE 125 UND.;varios
FOLDER T/C;FOLDER DE MANILA T/C;varios
FOLDER T/L;FOLDER DE MANILA T/L;varios
FOM TC;FOAMY T/C COLORES VARIOS PAQ. 24 UND;varios
FORMA;FORMA CONTINUA 9« X 11 3 TANTOS;PCFORM
FORRO P.;FORRO TRANSPARENTE PARA ENCUADERNAR;varios
FPCC;FOLDER PLASTICO T/C CON COSTILLA;varios
FPF;FOLDER PLASTICO CON FASTENER INCLUIDO;varios
FR1200;ZK Biometric reader fingerprint IP65 RFID compatible InBio;ZK TECO
FTLC;FOLDER DE COLORES TAMA¥O LEGAL. CAJA DE 80 UND.;varios
FUB-1270;FUB-1270 12V 7.0Ah FORZA;FORZA
FUB-1290;FUB-1290 12V 9.0Ah;FORZA
FUS;FUSOR ASSY 120V P/ PHASER 6180;XEROX
FUSOR;UNIDAD FUSORA ECOSYS 110V-120V P/ M2035dn/M2535dn/P2135dn;KYOCERA
FUSOR3220/3210;FUSOR PARA WC3220/3210 ORIGINAL;XEROX
FX-570MS;CALCULADORA CIENTIFICA FX-570MS  DE 401 FUNCIONES;CASIO
FX-890;CINTA FX-890/ S015329 ORIGINAL;EPSON
FX3;TONER FX3 ORIG.;CANON
"G. IND 3/8""";"GRAPA INDUSTRIAL 3/8"" P/ 70 HOJAS, CJA 1/1000";varios
G3Q35A;IMPRESORA HP LASER JET PRO M102W;H.P.
GABINETE WF-C86;EPSON 1GABINETE OPTIONAL WF-C869R;EPSON
GEL 0.7;LAPICERO BL17-C ENERGEL  0.7mm COLOR AZUL **;PENTEL
GEL INK 0.5;LAPICERO NEGRO GEL INK 0.5;ARTLINE
GI-190BK;TINTA GI-190BK NEGRO ORIGINAL P/ PIXMA G1100, G2100, G3100;CANON
GI-190C;TINTA GI-190C CYAN ORIGINAL P/ PIXMA G1100, G2100, G3100;CANON
GI-190M;TINTA GI-190M MAGENTA ORIGINAL P/ PIXMA G1100, G2100, G3100;CANON
GI-190Y;TINTA GI-190Y YELLOW ORIGINAL P/ PIXMA G1100, G2100, G3100;CANON
GLADE;GLADE EN GEL 70G;varios
GPA;GALON DE PINTURA ACRILICA COLORES VARIOS;varios
GPR 35;TONER GPR-35 IMAGE R 2520/2525/2530 ORIGINAL;CANON
GPR-11;TONER GPR-11 NEGRO ORIGINAL;CANON
GPR-15;TONER GPR-15 ORIGINAL;CANON
GPR-39;TONER GPR - 39 IMAGE R 1730/1740/1750  ORIGINAL;CANON
GPR-48;TONER GPR-48 ORIGINAL;CANON
GPR-54;TONER GPR-54 ORIGINAL;CANON
GPR10;TONER GPR10 ORIG.;CANON
GPR16;TONER GPR-16 ORIG.;CANON
GPR18;TONER GPR-18 IR 2016 /2018/2020/2022/2025/2422   ORIGINAL;CANON
GPR2;TONER GPR2 ORIG.;CANON
GPR22;TONER GPR-22  IR 1018/1019/1020/1021/1022/1025 ORIGINAL;CANON
GPR35;TAMBOR GPR-35 ORIGINAL.;CANON
GPR6;TONER GPR-6 ORIG.;CANON
GPR8;TONER GPR-8 ORIG.;CANON
GRAFITO;LAPIZ DE GRAFITO. **;varios
GRAP;GRAPA STANDARD 26/6;BOSTITCH
GRAP.STANR;GRAPAS STANDARS 26/6;varios
GRAPA IND.;"GRAPA INDUSTRIAL 1/2""";varios
GRASA;GRASA BLANCA SABO 590ml;SABO
GRASA LUBRICANT;GRASA LUBRICANTE 590ML;SABO
GT-5820;IMPRESORA MULTIFUNCIONAL DESKJET GT-5820;H.P.
GT53;CARTUCHO HP GT53 NEGRO P GT5810/5820 90ml;H.P.
"GUILLOTINA 15""";"GUILLOTINA BASE PLASTICA DE 15""";varios
GX 16B;CALCULADORA DE 16 DIGITOS GX 16B;CASIO
H MILM;BLOCK DE HOJAS MILIMETRADAS;varios
HDMI;CABLE HDMI DE 10 PIES;varios
HILO;HILO ENCERADO 400GRS **;varios
HP MOCHILA;MOCHILA HP 15.6 ACTIVE BLUE;H.P.
HPE C7974A;CINTA MAGNETICA HPE C7974A LTO ULTRIUM 4;H.P.
HS-02B;MICROFONO AUDIFONO GENIUS HS-02B HEADSET;GENIUS
HT-750;UPS HT-750LCD 750VA/375W 120V- 12 TOMAS;FORZA
HTC;HOJAS T/C DE COLORES. PQT. DE 100 UND;varios
HULE;BOLSA DE HULE #33/ 100UNDS;STUDMARK
HULE # 18;BOLSA DE HULE # 18 1/4 LIBRA;varios
I1-380AB36;Camera-HD Basic Series, Bullet Plastic, IR(12pcs ), 3.6mm lens, 1/3 sensor 720P,;PROVISION ISR
I1-390AE36;"Camera-AHD Eco Series, Bullet IR,ÿ 20M(24 LEDs), 3.6mm lens, 1/3"" Sensor, 2.0MP.";PROVISION ISR
I1-390IP5S36;Provision H.265 Bullet IR 15M 2 LED Array 3.6mm Lens 2MP PoE;PROVISION ISR
I3;I3-8100 3.6Ghz/ 4GB/1TB/DVDRW/T/M/P - 8VA GENERACION;varios
I3 3565;LAPTOP DELL INSPIRON 3567 3JTY5 I3-6006U 4 GB 1TB 15.6 WIN 10 SPANISH;DELL
I3-390AE36;PRO CCTV bullet camera 2M IR30 mts IP66 3.6mm lenns OSD BLC;PROVISION ISR
I4-250IP5MVF;C mara-H.265 Eye-Sight Series, Bullet, IR 40M (48 LED), lente motorizada de 3-11;PROVISION ISR
I4-390AEVF;Provision-Isr I4-390AEVF-35M/2.8-12mm/lens1/3Sen/2.0MP/whit;PROVISION ISR
I4-390AHDEVF+;Provision Camera EcoSerie/Bullet/IR 35M/2.8-12mm/plus;PROVISION ISR
I4-390AVF;PRO bullet camera  AHD 2MP outdoor IP 66 COC IR 40mts;PROVISION ISR
ID CARD (THIN);ZK Graphic ID Card;ZK TECO
IMP FX890;IMPRESORA MATRICIAL FX-890 II;EPSON
IMP L 6171;IMPRESORA EPSON ECOTANK L6171-AIO-COLOR ADF;EPSON
IMP M428;IMPRESORA MULTIFUNCIONAL  HP M428FDW W1A30;H.P.
INBIO260 PACKAG;ZK IP 2 door Biometric Access Control kit with cabinet and;ZK TECO
J2-PRIME;TELEFONO CELULAR SAMSUN GALAXY J2 PRIME SM-G532MZ;SAMSUNG
J2CORE;CELUALAR SAMSUNG GALAXYJ260 CORE RAM 1GB Y ALMACEN 8GB;SAMSUNG
J3M68A;CARTUCHO J3M68A # 981A CYAN ORIGINAL;H.P.
J3M69A;CARTUCHO J3M69A # 981A MAGENTA ORIGINAL;H.P.
J3M70A;CARTUCHO J3M70A # 981A YELLOW ORIGINAL;H.P.
J3M71A;CARTUCHO J3M71A # 981A NEGRO ORIGINAL;H.P.
K400;TECLADO LOGITECH K400 - TOUCH INALAMBRICO;LOGITECH
K405C;LAPICERO GEL 0.5 AZUL K405C **;PENTEL
KF160;ZK Face TA Terminal with Access Control  800 faces 1000 card;ZK TECO
KRAFT;"PLIEGO DE PAPEL KRAFT 24"" x 36""";varios
KRAFT ROLLO;ROLLO DE PAPEL KRAFT DE 45 LBS.;varios
KRONOS 301;KRONOS 301 WIRELESS UNIVERSAL RANGE EXTENDER;NEXXT
KSD-330;CANDADO PARA LAPTOP KSD-330;KLIP  XTREME
KX-FAD412A;TAMBOR KX-FAD412A P/ MB2030 ORIGINAL;PANASONIC
KX-FAD93A;TAMBOR KX-FAD93A ORIGINAL;PANASONIC
KX-FAT403A;TONER KX-FAT403A P/ KX-MB3030 ORIGINAL;PANASONIC
KX-FAT411A;TONER KX-FAT411A PARA KX-MB2030 ORIGINAL;PANASONIC
KX-FAT92;TONER KX-FAT92 ORIGINAL;PANASONIC
KXFA-52 A;PELÖCULA  KXFA-52 A  ORIGINAL;PANASONIC
KXFA-78;TAMBOR PANASONIC KXFA-78;PANASONIC
KXFA-83;TONER P/ FAX  KXFA-83;PANASONIC
KXFA136;PELICULA KX - FA136 ORIG.;PANASONIC
KXFA55;PELICULA KX - FA55 ORIG.;PANASONIC
KXFA57;PELICULA KX - FA57 ORIGINAL;PANASONIC
KXFA76;PELICULA KX - FA76 ORIG.;PANASONIC
KXFA83;TONER KX-FA83 ORIG.;PANASONIC
KXFA84;DRUM KXFA-84 ORIG.;PANASONIC
KXFA93;PELICULA KX - FA93 ORIG.;PANASONIC
L. PREP;ROLLO DE LIENZO PREPARADO;varios
L0R09A;CARTUCHO L0R09A # 981X CYAN ORIGINAL;H.P.
L0R10A;CARTUCHO L0R10A # 981X MAGENTA ORIGINAL;H.P.
L0R11A;CARTUCHO L0R11A # 981X YELLOW ORIGINAL;H.P.
L0R12A;CARTUCHO L0R12A # 981X NEGRO ORIGINAL;H.P.
L0R13A;CARTUCHO L0R13A # 981Y CYAN EXTRA HIGT YIELD PAGE WIDE 556/586;H.P.
L0R16A;CARTUCHO L0R16A # 981Y NEGRO ORIGINAL;H.P.
L0R17YC;CARTUCHO L0R17YC # 981YC CYAN ORIGINAL P/ PAGE WIDE MANAGED E55650/ E58650;H.P.
L0R18YC;CARTUCHO L0R18YC # 981YC MAGENTA ORIGINAL P/ PAGE WIDE MANAGED E55650/ E58650;H.P.
L0R19YC;CARTUCHO L0R19YC # 981YC YELLOW ORIGINAL P/ PAGE WIDE MANAGED E55650/ E58650;H.P.
L0R20YC;CARTUCHO  L0R20YC # 981YC NEGRO ORIGINAL P/ PAGE WIDE MANAGED E55650/ E58650;H.P.
L0R87A;CARTUCHO L0R87A # 974 CYAN ORIGINAL PAGE WIDE PRO 452,477,552,577;H.P.
L0R90A;CARTUCHO L0R90A # 974 MAGENTA ORIGINAL PAGE WIDE PRO 452,477,552,577;H.P.
L0R93A;CARTUCHO L0R93A # 974 YELLOW ORIGINAL PAGE WIDE PRO 452,477,552,577;H.P.
L0R96A;CARTUCHO L0R96A # 974 NEGRO ORIGINAL PAGE WIDE PRO 452,477,552,577;H.P.
L0R99AL;CARTUCHO L0R99AL # 974X CYAN ORIGINAL PAGE WIDE PRO 452,477,552,577;H.P.
L0S02AL;CARTUCHO L0S02AL # 974X MAGENTA ORIGINAL PAGE WIDE PRO 452,477,552,577;H.P.
L0S05AL;CARTUCHO L0S05AL # 974X YELLOW ORIGINAL PAGE WIDE PRO 452,477,552,577;H.P.
L0S08AL;CARTUCHO L0S08AL # 974X NEGRO ORIGINAL PAGE WIDE PRO 452,477,552,577;H.P.
L0S50AL;CARTUCHO L0S50AL # 954 CYAN ORIGINAL;H.P.
L0S53AL;CARTUCHO L0S53AL # 954 MAGENTA ORIGINAL;H.P.
L0S56AL;CARTUCHO L0S56AL # 954 YELLOW ORIGINAL;H.P.
L0S59AL;CARTUCHO L0S59AL # 954 NEGRO ORIGINAL;H.P.
L0S62AL;CARTUCHO L0S62AL # 954XL CYAN ORIGINAL 2,000 PAG P/8710;H.P.
L0S65AL;CARTUCHO L0S65AL # 954XL MAGENTA ORIGINAL 2,000 PAG P/8710;H.P.
L0S68AL;CARTUCHO L0S68AL # 954XL YELLOW 2,000 PAG P/8710;H.P.
L0S71AL;CARTUCHO L0S71AL # 954XL NEGRO ORIGINAL 2,000 PAG P/8710;H.P.
L1800;IMPRESORA FOTOGRAFICA L1800;EPSON
L3110;IMPRESORA MULTIFUNCIONAL MULTIFUNCIONAL  L3110;EPSON
L3150;IMPRESORA EPSON MULTIFUNCIONAL L3150 USB/WIFI;EPSON
L380;IMPRESORA MULTIFUNCIONAL L380;EPSON
L395;IMPRESORA MULTIFUNCIONAL L395;EPSON
L3U42A;IMPRESORA PAGEWIDE MFP E58650DN;H.P.
L4150;IMPRESORA MULTIFUNCIONAL ECOTANK L4150 -WIFI-USB;EPSON
L5190;IMPRESORA MULTIFUNCIONAL EPSON L5190 PRINT/SCANNER/COPIER;EPSON
L575;IMPRESORA MULTIFUNCIONAL DE TINTA CONTINUA L575;EPSON
L6556;IMPRESORA MULTIFUNCIONAL ECOTANK L6556 DUPLEX;EPSON
LACA;SPRAY SELLADOR;varios
LAN7313;TONER LANIER 7313 ORIG.;LANIER
LANILLA;LANILLA VERDE **;varios
LAP COL;LAPICERO GEL  DE COLORES PQT DE 12 UND **;varios
LAP MEC 0.5;LAPIZ MECANICO 0.5 MM **;PENTEL
LAP MEC 0.7;LAPIZ MECANICO 0.7 MM**;varios
LAP R PEL;LAPICERO ROJO **;PELIKAN
LAP. 0.5 MM;LAPICERO NEGRO LIQUID INK 0.5 MM;OFFICE STAR
LAP. 4C;LAPICERO DE 4 COLORES;varios
LAP. AZUL;LAPICERO AZUL 3105B **;STUDMARK
LAP. GEL BK;LAPICERO DE GEL NEGRO 0.7 MM;varios
LAP. PS;LAPIZ PASTEL SECO. CAJA DE 12 COLORES **;varios
LAP. ROJO;LAPICERO ROJO 3105B ***;STUDMARK
LAP.A.;LAPICERO AZUL **;CLARO
LAP.N;LAPICERO NEGRO **;CLARO
LAPR;LAPICERO ROJO PUNTA FINA **;PENTEL
LAPT;LAPTOP 90NB0HF1-M10910 I3  8130U 1TB 4GB 15.6 WIN 10;ASUS
LAPTOP 15DA40la;LAPTOP HP 15-da0040la/ 1 tb/8rm/156/pA/pENTIUM GOLD 4417u COLOR GRAY SM;H.P.
LBC;LAPICERO CON BASE Y CADENA;varios
LBP3000;TONER LBP/3000/103;CANON
LC;LAPICES DE COLORES, CJA DE 12 UND.***;varios
LC-41BK;CARTUCHO LC-41 BK ORIG.;BROTHER
LC-41C;CARTUCHO LC-41 CYAN ORIG.;BROTHER
LC-41M;CARTUCHO LC-41 MAG. ORIG.;BROTHER
LC-41Y;CARTUCHO LC-41 YELL. ORIG.;BROTHER
LC-51;CARTUCHO LC-51BK ORIG.;BROTHER
LC-51C;CARTUCHO LC-51C ORIG.;BROTHER
LC-51M;CARTUCHO LC-51 M ORIG.;BROTHER
LC-51Y;CARTUCHO LC-51Y ORIG.;BROTHER
LC61BK;CARTUCHO LC61BK NEGRO ORIGINAL;BROTHER
LC61C;CARTUCHO LC61C CYAN ORIGINAL;BROTHER
LC61M;CARTUCHO LC61M MAGENTA ORIGINAL;BROTHER
LC61MG;CARTUCHO LC61MG MAGENTA ORIGINAL;BROTHER
LC61Y;CARTUCHO LC61Y YELLOW ORIGINAL;BROTHER
LECT I500;LECTOR DE CODIGO DE BARRA BEMATECH I-500 2D;BEMATECH
LIB APU;LIBRETA DE APUNTE AMARILLA;varios
LIB. A TL;LIBRETA AMARILLA TAMA¥O LEGAL;varios
LIB. MAY;LIBRO MAYOR;varios
LIM LCD;LIMPIADOR LCD   KIT  50 ml;SABO
LIMP PANTA;LIMPIA PANTALLA 240ML;SABO
LIMP. CONT;DUSTER;SABO
LIMP.MULT;LIMPIADOR ESPUMA MULTISUPERFICIES;SABO
LIMPIA PIPA;LIMPIA PIPA COLOR VERDE PAQ, DE 100 UND;varios
LIQPIZ;LIQUIDO PARA LIMPIAR PIZARRA;varios
LM 0.9MM;LAPIZ MECANICO 0.9 MM **;varios
LP 50ML;LIMPIA PANTALLA 50 ML;SABO
LP ROJO;LAPICERO ROJO **;BIC
LPAZUL;LAPICERO  AZUL **;BIC
LPCV;LIMPIA PIPA COLORES VARIADOS PAQ. DE 30 UND;varios
LPF;LAPICERO PUNTA MEDIA COLOR AZUL **;FABER CASTELL
LPPFA;LAPICERO AZUL PUNTA FINA **;varios
LPPFN;LAPICERO NEGRO PUNTA FINA.   **;varios
LPPT;"LAPTOP LATITUDE 3590 K0F41/ I5/ 7200U/ 8 GB / 1TB/ 15.6""/ W10";DELL
LQ 590;IMPRESORA MATRICIAL LQ-590;EPSON
LUST;PAPEL LUSTRILLO COLORES VARIOS. PAQ. 24 HJS;varios
LW-400;CINTA LABELWORKS LW-400 12mm BLANCO/NEGRO;EPSON
LW-400NB;CINTA LABELWORKS LW-400 12mm NEGRO/BLANCO;EPSON
LX-350;IMPRESORA MATRICIAL LX-350;EPSON
M.ACR;MARCADOR ACRILICO PUNTA FINA COLOR AZUL **;ARTLINE
M0H54AL;TINTA M0H54AL # GT-52 CYAN ORIGINAL;H.P.
M0H55AL;TINTA M0H55AL # GT-52 MAGENTA ORIGINAL;H.P.
M0H56AL;TINTA M0H56AL # GT-52 YELLOW ORIGINAL;H.P.
M0H57AL;TINTA M0H57AL # GT-51 NEGRO P/ GT5820 ORIGINAL;H.P.
M127;IMPRESORA LASERJET PRO M127;H.P.
M130FW;IMPRESORA LASER JET PRO M130FW MULTIFUNCIONAL;H.P.
M170;MOUSE LOGITECH INALAMBRICO M170 NEGRO  910-004940;LOGITECH
M180NW;IMPRESORA MULTIFUNCIONAL COLOR LASERJET PRO MFP M180;H.P.
M203DW;IMPRESORA LASERJET PRO M203DW;H.P.
M227FDW;IMPRESORA LASERJET PRO M227FDW;H.P.
M277DW;IMPRESORA COLOR LASERJET PRO M277DW # B3Q11A;H.P.
M426DW;IMPRESORA LASERJET PRO 400 MFP M426DW;H.P.
M477FDW;IMPRESORA MULTIFUNCIONAL COLOR LARSERJET PRO MFP M477DW;H.P.
MAB;MARCADOR ACRILICO NEGRO**;BEROL
MACV;MARCADOR RESALTADOR VERDE**;PELIKAN
MAN-9X12;SOBRE DE MANILA T/C CAJAS DE 50 UNID 9X12;varios
MANI-T/L;SOBRE DE MANILA T/L CAJA DE 50 UND 10.2X13.4;varios
MARC ACR N;MARCADOR ACRILICO PUNTA FINA COLOR NEGRO **;ARTLINE
MARC. NEG;MARCADOR PERMANENTE NEGRO # 109. **;ARTLINE
MARC. PERM;MARCADOR PERMANENTE NEGRO EK-90  **;ARTLINE
MARC. PERMAN;MARCADOR PERMANENTE AZUL # 109 **;ARTLINE
MARC. PPFN;MARCADOR PERMANENTE PUNTA FINA NEGRO **;SHARPIE
MARC. PTF;MARCADOR PERMANENTE PUNTA FINA AZUL **;SHARPIE
MARC.P. F;MARCADOR ESCOLAR ESTUCHE DE 12 UND  **;SHARPIE
MARCADOR;MARCADOR FLUORESCENTE AMARILLO **;varios
MASILLA;MASA PARA MOLDEAR PLAY DOH. PQT 4 COLORES;varios
MASK2X30;MASKINTAPE 2X30 YAR;varios
MB 3X3 N;"MINI BLOCK ADHESIVO 3"" X 3"" NEON 320HJS";varios
MFC;MARCADOR RESALTADOR CELESTE**;PELIKAN
MFCEL;MARCADOR FLUORESCENTE CELESTE **;varios
MFR;MARCADOR FLUORESCENTE ROSADO **;varios
MICRO SD 32GB;MEMORIA MICRO SD 32 GB;KINGSTON
MIKR009;SWITCH 24 PUERTOS GIGABIT 2P SPF+CSS326-24G-2S+RM MIKROTIK CLOUD SMART;OTROS
MINA 0.7 MM;MINA 0.7 MM **;varios
MINA 0.9 MM;MINA 0.9 MM **;varios
MINI HUB;MINI HUB USB 2.0 DE 4 PUERTOS KUH-400B;KLIP  XTREME
MK 172;KIT DE MANTENIMIENTO MK 172 ORIGINAL;KYOCERA
MK-1152;Genuine Kyocera MK-1152 (MK-1152U) Maintenance Kit - 100K - P2040DW;KYOCERA
MK-3132;KIT DE MANTENIMIENTO MK-3132 ORIGINAL;KYOCERA
MK-3162;KIT DE MANTENIMIENTO MK-3162;KYOCERA
ML-1740;TONER ML-1740 ORIG.;SAMSUNG
ML-2010;TONER ML-2010 ORIGINAL;SAMSUNG
ML-2240;TONER MLTDS-108S / ML2240-1640 ORIGINAL;SAMSUNG
ML1610;TONER ML1610 ORIG.;SAMSUNG
ML1640;ML1640 ORIGINAL;SAMSUNG
ML2250D5;TONER ML-2250D5 ORIG.;SAMSUNG
MLIB;MANOS LIBRES KHS-220;KLIP  XTREME
MLT-D101S;TONER MLT-D101S PARA ML-2165 ORIGINAL;SAMSUNG
MLT-D105S;TONER MLT-D105 ORIGINAL;SAMSUNG
MLT-D111L;TONER MLT-D111L ORIGINAL 1,800 p g;SAMSUNG
MLT-D111S;TONER MLT-D111S ORIGINAL 1,000 p g.;SAMSUNG
MLT-D116L;TONER MLT-D116L ORIGINAL;SAMSUNG
MLT-D116S;TONER MLT-D116S ORIGINAL;SAMSUNG
MLT-D119S;TONER MLT-D119S PARA ML-1610/ML2010 ORIGINAL;SAMSUNG
MLT-D203L;TONER MLT-D203L ORIGINAL. RENDIMIENTO APROXIMADO DE 5,000 PµGINAS.;SAMSUNG
MLT-D203S;TONER MLT-D203S ORIGINAL. RENDIMIENTO DE 3,000 PµGINAS APROX.;SAMSUNG
MLT-D203U;TONER MLT-D203U ORIGINAL. RENDIMIENTO APROXIMADO DE 15,000 PµGINAS;SAMSUNG
MLT-D303E;TONER MLT-D303E ORIGINAL. RENDIMIENTO APROXIMADO DE 40,000 PµGINAS;SAMSUNG
MLT-D358S;TONER MLT-D358S P/ M5370 ORIGINAL;SAMSUNG
MLT-R116;TAMBOR MLT-R116 ORIGINAL;SAMSUNG
MLT-R303;TAMBOR MLT-R303 P/ M4580FX ORIGINAL;SAMSUNG
MLT-R358;TAMBOR MLT-R358 P/ M5370 ORIGINAL;SAMSUNG
MOCHILA;MOCHILA JUVENIL;TOTO
MONITOR;"MONITOR LED 24""";SAMSUNG
MONITOR E2216H;"DELL MONITOR E2216H 21.5"" 1920 X1080 VGA DP LED";DELL
MOUS OP;MOUSE INALAMBRICO;MAXELL
MOUSE;MOUSE OPTICO USB;X TECH
MOUSE USB;MOUSE USB;GENIUS
MOUSEIMEXX;MOUSE IMEXX OPTICO 3D LED USB;varios
MOUSEPAD;ALMOHADILLA P/MOUSE GENERICA;X TECH
MP 305;TONER NEGRO 842141 PARA  MP 305 ORIGINAL;RICOH
MP 4000 RICOH;TONER PARA MULTIFUNCIONAL MP 4000;RICOH
MP 401;TONER MP401/SP 4520DN;RICOH
MP 6054;TONER MP 6054 ORIGINAL;RICOH
MP-2352;TONER MP-2352 - 2550 NEGRO ORIGINAL;RICOH
MP-3352;TONER MP-3352;RICOH
MP-C2051 C;TONER MP-C2051 CYAN ORIGINAL;RICOH
MP-C2051 N;TONER MP-C2051 NEGRO ORIGINAL;RICOH
MP-C2051 Y;TONER MP-C2051 YELLOW ORIGINAL;RICOH
MP-C2051M;TONER MP-C2051 MAGENTA ORIGINAL;RICOH
MPAB;MARCADOR PERMANENTE AZUL **;BEROL
MPC;MARCADOR PERMANENTE CAFE**;ARTLINE
MPN;MARCADOR PERMANENTE ANARANJADO**;ARTLINE
MPPR;MARCADOR PERMANENTE ROJO**;ARTLINE
MPR;MARCADOR PERMANENTE ROSADO**;ARTLINE
MPVS;MARCADOR PERMANENTE VERDE **;ARTLINE
MR;MARCADOR RESALTADOR ROSADO **;PELIKAN
MRA;MARCADOR RESALTADOR AZUL **;PELIKAN
MRC;MARCADOR RESALTADOR FINO **;varios
MRCV;MARCADOR RESALTADOR AMARILLO**;varios
MRR;MARCADOR RESALTADOR ANARANJADO  **;varios
MRS;MOUSE OPTICO INALAMBRICO KMW-340;KLIP  XTREME
MRV;MARCADOR RESALTADOR VERDE **;varios
MS 244DW;IMPRESORA MONOCROMATICA MS 244DW;CANON
MSD 16GB;MEMORIA MICRO SD DE 16 GB;KINGSTON
MX310DN;IMPRESORA MULTIFUNCIONAL MX310DN;LEXMARK
N 90 X 62;BOLSA NEGRA PARA BASURA 90 X 62;varios
NAP;NUMERADOR AUTOMµTICO DE 8 DIGITOS;varios
NBL0269;" LENOVO S340 I7-10 8GB/256GB/W10/15.6"" # 81 VW0020US";3M
NEON;RESMA PAPEL BOND FLUORESCENTE NEON  TC BARRILITO;BARRILITO
NPG11;TONER NPG-11 ORIGINAL;CANON
NPG15;TONER NPG15 ORIG.;CANON
NPG8;TONER NPG-8 ORIG.;CANON
NT-1011;UPS NT-1011 1000VA/ 500W/ 120V;FORZA
NT-511;UPS FORZA NT-511 UPS  500VA/250W 120V 6-NEMA RJ11 45-65hz;FORZA
NT-511D;UPS SMART NT-511D / 500VA/ 250WTS/ 6 TOMAS/ ESTABILIZADOR INTEGRADO;FORZA
NT-751D;UPS 750VA NT-751D - SALIDAS;FORZA
NT-761; UPS NT-761 750VA/ 375W-/ 120V /4 TOMAS;FORZA
NVR5-3280016P2U;Provision-ISR Standalone NVR 32 Video Channels - Network;PROVISION ISR
NVR5-4100PX;Provision H.265 Stand Alone NVR 4CH  5MP at 25fps small 1U;PROVISION ISR
NVR5-4100PX+MM;Provision-ISR-H.265 Standalone NVR 4CH 5MP at 25fps;PROVISION ISR
NVR5-8200PX;Provision NVR5-8200PX H.265 Stand Alone NVR 8CH  5MP at 25f;PROVISION ISR
NVR5-8200PX+(MM;H.265 Stand Alone NVR, 8CHÿ 5MP at 25fps, MM case with PoE;PROVISION ISR
NVR5-8200PX+MM;Provision NVR 8CH PoE NVR5-8200PX+MM ONVIF H.265;PROVISION ISR
NW230NXT81;Nexxt Amp300 Wrlss Router N 300Mbps 4P;NEXXT
NW230NXT86;Nexxt Nyx1200-AC Wrlss Router 1200Mbps 3P;NEXXT
NYL;NYLON No. 1.00 mm;varios
OB144;ORDER BOOK DE 144 PAG.;varios
OJ LO;OJOS LOCOS TAMA¥O SURTIDO. PQT DE 66 UND;varios
OKI B4600;TONER OKI B4600 ORIGINAL;OKIDATA
OPA T/C;CARTULINA OPALINA TAMA¥O CARTA;varios
OPTIPLEX 7060;PC DELL OPTIPLEX 7060 SFF I7-8700 8GB 1TB W10P 3WTY PS 9TWWM;DELL
ORDER;ORDER BOOK 96 PAGINAS;varios
ORG. ESC C;ORGANIZADOR DE ESCRITORIO CILINDRICO;varios
ORG.ESC;ORGANIZADOR DE ESCRITORIO;varios
P. # V;PINCELES MEDIDAS VARIADAS. **;varios
P. CEBOLLA;PAPEL CEBOLLA PLIEGO;varios
P. CHIN;PAPEL CHINA COLORES VARIOS;varios
P. CORCHO;"PIZARRA DE CORCHO 20"" x 30""";varios
P. LINO;PAPEL LINO TAMA¥O CARTA, PAQUETE DE 100 HJS;varios
P.ANT;PULSERA ANTIESTATICA;varios
P.ESC;PEGA ESCARCHADA COLORES VARIADOS;varios
P.Z-313;PARLANTE Z313 - 2.1 SPK 50 WATT;LOGITECH
P1-DHV;CALCULADORA DE  CINTA Y PANTALLA 12 DIGITOS CANON P1-DHV;CANON
P1102W;IMPRESORA LASERJET P1102W;H.P.
P1H;PERFORADORA DE 1 HOYO;varios
P2040;TOMA CORRIENTE;varios
P2040DW;IMPRESORA MONOCROMATICA P2040DW;KYOCERA
PALIT GR;PALITOS GRANDES P/ MANUALIDADES;varios
PALIT M;PALITOS MEDIANOS P/ MANUALIDADES;varios
PALIT P;PALITOS PEQUE¥OS PARA MANUALIDADES;varios
PALPP;PALETAS PARA PINTURA;varios
PAP.ESC;ORGANIZADOR DE ESCRITORIO METALICO;varios
PAPEL;HOJAS DE COLORES NEON PAQ 100;3M
PAPEL 22 X 34;"PAPEL BOND # 32 22 X 34""";varios
PAPEL T/ L;RESMA DE PAPEL BOND # 40 T/L;varios
PAPEL T/C;RESMA PAPEL BOND # 40 T/C. 97% BLANCURA;SCRIBE
PAPELERA;PAPELERA;varios
PARL;PARLANTE SP-U115 USB NEGRO;GENIUS
PAST;PASTA TERMICA DISIPADORA DE CALOR 30 grms;SABO
PAV GAM 15;LAPTOP PAVILION GAMING 15-DK0011a i5 9300h, RAM 8GB, DD 1TB, WIN10H SPA;H.P.
PC-301;BROTHER PC-301;BROTHER
PC-302;TONER PC-302;BROTHER
PC-304;PC-304 ORIGINAL;BROTHER
PC-402;ROLLO P/FAX PC-402 ORIGINAL;BROTHER
PC201;PELICULA PARA FAX PC-201 ORIGINAL;BROTHER
PCLIP;PORTA CLIPS;varios
"PCT120""";"PANTALLA CON TRIPODE 120"" BLANCA KPS-104";varios
PEG. BLANC;PEGAMENTO BLANCO **;varios
PEGA;PEGA EN BARRA  40 GRS **;ARTLINE
PEGA LOCA;PEGA LOCA;varios
PEGAM.;PEGAMENTO BLANCO GRANDE **;varios
PEGB;PEGA EN BARRA DE 40 GRS **;varios
PERF;PERFORADORA DE 2 HOYOS P/ 16 HOJAS;varios
PERF 20H;PERFORADORA DE 2 HOYOS PARA 20 HOJAS;varios
PERF F;PERFORADORA DE FORMA DE ESTRELLA;varios
PERF.;PERFORADORA DE 2 HOYOS PARA 30 HOJAS;varios
PERF. 3H;PERFORADORA DE 3 HUECOS;varios
PERIOD;RESMA DE PAPEL PERIODICO T/L;varios
PERIOD TC;PAPEL PERIODICO T/C;varios
PERIODICO;RESMON PAPEL PERIODICO 22 X 34;varios
PFOTO;PAPEL FOTOGRAFICO;varios
PG-140;CARTUCHO PG-140 NEGRO ORIGINAL;CANON
PG-145;CARTUCHO PG-145 NEGRO ORIGINAL;CANON
PG-145 XL;CARTUCHO PG-145 XL NEGRO ORIGINAL;CANON
PG-210;CARTUCHO PG-210 NEGRO ORIGINAL;CANON
PG-245;CARTUCHO PG-245 NEGRO ORIGINAL;CANON
PG-30;CARTUCHO PG-30 NEGRO ORIG.;CANON
PG-31;CARTUCHO CL-31 TRICOLOR ORIGINAL;CANON
PG-40;CARTUCHO PG-40 BLACK ORIGINAL;CANON
PG-44;CARTUCHO PG-44 NEGRO ORIGINAL;CANON
PG-545;CARTUCHO PG-545 NEGRO ORIGINAL;CANON
PGI-220;CARTUCHOS PGI-220 BK ORIGINAL;CANON
PGI-35;CARTUCHO PGI-35 BLACK ORIG.;CANON
PGI-5BK;CARTUCHO PGI-5BK ORIG.;CANON
PICKUP;PICKUP ROLLER RODILLO TOMA DE PAPEL P/2035;H.P.
PINCEL;PINCEL PARA ACUARELA. PAQUETE 25 UND ***;varios
PINCEL MIX;PINCEL MIX OLEO ACUARELA SET DE 6 PIEZAS **;varios
PINCEL P;PINCEL PLANO # 10 **;varios
PINT ACR;PINTURA ACRILICA COLORES VARIOS **;varios
PINTC;PINTA CARITAS EN LAPIZ, ESTUCHE DE 6 COLORES;varios
PIST SILICON;PISTOLA PARA SILICON;varios
PITO;SILBATO PLASTICO;WILSON
PLASTILINA;PLASTILINA COLORES VARIOS **;varios
"PLOT 36""";"PAPEL PARA PLOTTER 36"" X 50 MTS X 2""";varios
"PLOTTER 24""";"PAPEL PARA PLOTTER 24"" X 50MTS X 2""";varios
PMA;PLIEGO DE PAPEL METµLICO AZUL;varios
PMV;PLIEGO DE PAPEL METµLICO VERDE;varios
PoER-01;1 channel 10/100M PoE Extender;PROVISION ISR
PoES-0460C+2I;4-port 10/100Mbps,PoE switch,extra 2-port 10/100Mbps UPLINK ,60W Internal power;PROVISION ISR
PoES-08120C+2GI;8-port 10/100Mbps PoE Switch,CCTVMode,2-port 10/100/1000Mbps UPLINK,120W Interna;PROVISION ISR
POM POM;POM POM GRANDE, PQT DE 72 UND;varios
POROPLAS;PLIEGO DE POROPLAS;varios
PORTA C;PORTA CARNET TIPO YOYO;varios
PORTA CD;PORTA CD;varios
PORTA CS;PORTA CARNET SOLIDO;varios
"PP24""";ROLLO DE PAPEL P/ PLOTTER 24in x150ft;varios
PR-12A16CH;16CH,12V/12A Profesional power supply with socket;PROVISION ISR
PR-12V1A-A;12V 1A Power Supply;PROVISION ISR
PR-12V5A-4;12V 5A Power Supply with 4 splitter;PROVISION ISR
PR-20A16CH(1U);16CH,12V/20A Proffesional power supply,1u case,withÿ socket;PROVISION ISR
PR-C08;Provision PR-C08 DC jack conector macho;PROVISION ISR
PR-C09;Provision PR-C09 DC jack conector hembra;PROVISION ISR
PR. DEC;PRENSA ROPA DECORATIVO. PQT;varios
PROCI3;PROCESADOR CORE I3 LGA 1150;varios
PROYECTOR S41;PROYECTOR EPSON POWERLITE S41+3300 LUMENES SVG;EPSON
PSELL;PAPEL SELLADO **;varios
PT-838;Prov Camara DOMO PT-838PnV 1080P Pan/Tilt IP camera with IR;PROVISION ISR
PTR-101V-HD+;4 in 1, 1CH Passive HD Video Balun Set;PROVISION ISR
PTR-102VP-HD+;4 in 1, 1CH Passive HD Video and Power Balun Set;PROVISION ISR
PUNTERO;PUNTERO LASER CUERPO NEGRO;varios
PUSH PINS;PUSH PINS CABEZA DE COLORES CJA DE 100 PIEZAS;varios
PZ1;PIZARRA ACRILICA;varios
Q1338A;TONER Q1338A # 38A  ORIGINAL.;H.P.
Q1339A;TONER Q1339A # 39A ORIGINAL;H.P.
Q2610A;TONER Q2610A # 10A  ORIGINAL.;H.P.
Q2612A;TONER Q2612A # 12A ORIGINAL. P/1010 1012 1015 1018 1020 1022 1022n;H.P.
Q2613A;TONER Q2613A # 13A ORIGINAL;H.P.
Q2624A;TONER Q2624A #24A ORIGINAL;H.P.
Q2670A;TONER Q2670A NEGRO ORIG.;H.P.
Q2671A;TONER Q2671A CYAN ORIG.;H.P.
Q2672A;TONER Q2672A YELLOW ORIG.;H.P.
Q2673A;TONER Q2673A MAGENTA ORIG.;H.P.
Q2681A;TONER Q2681A ORIG.;H.P.
Q2682A;TONER Q2682A ORIG.;H.P.
Q2683A;TONER Q2683A MAGENTA ORIG.;H.P.
Q3960A;TONER Q3960A # 122A NEGRO ORIGINAL;H.P.
Q3961A;TONER Q3961A # 122A CYAN ORIGINAL;H.P.
Q3962A;TONER Q3962A # 122A YELLOW ORIGINAL;H.P.
Q3963A;TONER Q3963A # 122A MAGENTA ORIGINAL;H.P.
Q3964A;TAMBOR Q3964A ORIGINAL;H.P.
Q3971A;TONER Q3971A CYAN ORIG.;H.P.
Q3972A;TONER Q3972A YELLOW ORIG.;H.P.
Q3973A;TONER Q3973A MAGENTA ORIG.;H.P.
Q5942A;TONER Q5942A #42A ORIGINAL;H.P.
Q5942X;TONER Q5942X # 42X ORIGINAL;H.P.
Q5945A;TONER Q5945A #45A ORIGINAL;H.P.
Q5949A;TONER Q5949A # 49A M1160/1320/ 3390/3392 ORIGINAL.;H.P.
Q5949X;TONER Q5949X # 49X ORIGINAL.;H.P.
Q5950A;TONER Q5950A BLACK ORIGINAL;H.P.
Q5951A;TONER Q5951A CYAN ORIGINAL;H.P.
Q5952A;TONER Q5952A YELLOW ORIGINAL;H.P.
Q5953A;TONER Q5953A MAGENTA ORIGINAL;H.P.
Q5999A;KIT DE MANTENIMIENTO Q5999A 220VOLTIOS;H.P.
Q6000A;TONER Q6000A #124 NEGRO 2600N/2605/1600  ORIGINAL;H.P.
Q6001A;TONER Q6001A #124 CYAN 2600N/2605/1600 ORIGINAL;H.P.
Q6002A;TONER Q6002A #124 YELLOW 2600N/2605/1600  ORIGINAL;H.P.
Q6003A;TONER Q6003A #124 MAGENTA 2600N/2605/1600 ORIGINAL;H.P.
Q6470A;TONER Q6470A # 501A NEGRO ORIGINAL;H.P.
Q6471A;TONER Q6471A # 502A CYAN ORIGINAL;H.P.
Q6472A;TONER Q6472A # 502A YELLOW ORIGINAL;H.P.
Q6473A;TONER Q6473A # 502A MAGENTA ORIGINAL;H.P.
Q6511A;TONER Q6511A # 11A ORIGINAL;H.P.
Q7516A;TONER Q7516A # 16A ORIGINAL;H.P.
Q7551A;TONER Q7551A # 51A ORIGINAL;H.P.
Q7551X;TONER Q7551X  # 51X ORIGINAL;H.P.
Q7553A;TONER Q7553A # 53A ORIGINAL.;H.P.
Q7553X;TONER Q7553X # 53X ORIGINAL.;H.P.
Q7581A;TONER Q7581A CYAN ORIGINAL;H.P.
Q7582A;TONER Q7582A YELLOW ORIGINAL;H.P.
Q7583A;TONER Q7583A MAGENTA ORIGINAL;H.P.
R 90 X 62;BOLSA ROJA PARA BASURA 90 X 62;varios
R-39;ETIQUETAS TERMICAS LISAS R-39 T.D 1F ROLLOS DE 2000 ETIQUETAS;varios
R-KRAFT;RESMON DE  PAPEL KRAFT 24 X 36 ( 1 X 500);varios
RAM;MEMORIA RAM DDA3 2GB;varios
REFLECT;CARTULINA REFLECT COLORES VARIOS;varios
REG 20CM;REGLA PLASTICA DE 20 CM **;varios
REG.MET;REGLA METµLICA DE 30 CM **;varios
REGLA PLAST;REGLA PLASTICA DE 30 CMS **;varios
REGLETA;REGLETA PROTECTOR DE VOLTAJE 6 SALIDAS;varios
REMOVEDOR;REMOVEDOR DE TINTA 590ML;SABO
REP LC;REPUESTOS PARA LAPICEROS CROSS 8521 COLOR AZUL;varios
REP. CUCH;CINTA PARA FAX BROTHER 575;BROTHER
RESINA;RIBBON RESINA 5100 2.25 X 74 MTS LARGO;ZEBRA
RET A;MARCADOR RESALTADOR EK-63 RETRACTIL AMARILLO **;ARTLINE
RET V;MARCADOR RESALTADOR EK-63 RETRACTIL VERDE **;ARTLINE
REV.;REVISTERO SABLON;varios
RJ45 C6;CONECTOR RJ45 CAT6;varios
ROD;RODO DE PRESIàN PARA IR-2525;CANON
ROD TRANSF;SEGUNDO RODILLO DE TRANSFERENCIA P/ WC 7855;XEROX
ROLLO;"ROLLO DE CINTA DE PAPEL TERMICO, CORE 1"" DE 4"" X 4"". 1/700 UND";varios
ROUTER;ROUTER EA 2700-LA;varios
RPA;PLASTICO ADHESIVO PARA ENCUADERNAR;varios
RPAP;RESMON DE PAPEL BOND # 32;varios
RPE;ROLLO DE PLASTICO PARA EMPALETIZAR;varios
"RULO 1 1/4""";"COLOCHO PLASTICO DE 1 1/4"" P/ 230 PAG.";varios
"RULO 1""";"COLOCHO PLASTICO DE 1"" P/ 200 PAG.";varios
"RULO 5/8""";"COLOCHO PLASTICO 5/8"" P/ 125 PAGINAS";varios
S 35;TONER S-35 ORIGINAL;CANON
S015086;CINTA S015086 ORIGINAL;EPSON
S015091;CINTAS S015091 P/FX 980 ORIGINAL;EPSON
S015329;disketeras;HUAWEI
S015335;CINTA FX2190/ S015335 ORIGINAL;EPSON
S015337;CINTA LQ-590/S015337 ORIGINAL;EPSON
S015384;CINTA DFX9000/ S015384 ORIGINAL;EPSON
S015631;CINTA S015631/8750 PARA LX-300/ LX-350 ORIGINAL;EPSON
S050167;TONER S050167 P/6200/6200L;EPSON
S8+;TELEFONO CELULAR SAMSUNG GALAXY S8+;SAMSUNG
SABODES;DESPLAZADOR / DISIPADOR DE HUMEDAD SABO 590ML;SABO
SAC G IND;SACA GRAPAS INDUSTRIAL;varios
SAT BL;"CARTULINA SATINADA BLANCA 22"" X 25""";varios
SAT LI;"CARTULINA SATINADA LILA 22"" X 25""";varios
SAT. PLAT;CARTULINA SATINADA PLATEADA;varios
SATINADA;CARTULINA SATINADA COLORES VARIOS;varios
SB T/C;SOBRES BLANCOS T/C;varios
SBTL;SOBRE BLANCO T/L;varios
SCAN;SCANNER PRO 2500F1-AD;H.P.
SCX-4521D3;TONER SCX-4521D3 ORIGINAL;SAMSUNG
SCX-6320D8;TONER SCX-6320D8 ORIGINAL;SAMSUNG
SCX-6320R2;DRUM SCX-6320R2 ORIGINAL;SAMSUNG
SCX-D6555A;TONER SCX-D6555A ORIGINAL;SAMSUNG
SCX-R6555A;TAMBOR SCX-R6555A ORIGINAL;SAMSUNG
SD 128GB;MEMORIA MICRO SD DE 128 GB;KINGSTON
SD 64GB;MEMORIA MICRO SD DE 64GB;KINGSTON
SE2719H;DELL SE2719H 27 1920X1080 LED IPS BLACK;DELL
SELLADOR;"TAPE INDUSTRIAL TRANSPARENTE 2"" X 100 YDS.";HYSTIK
SEP AR;SEPARADOR DE ARCHIVO TAMA¥O LEGAL;varios
SEP PLAST;SEPARADOR PLASTICO T/L DE 5 DIVISIONES DE COLORES;varios
SEP. 8 DIV;SEPARADOR DE INDICE T/C DE 8 DIVISIONES CEJA DE COLOR;varios
SEPAR. T/C;SEPARADOR DE INDICE T/C DE 5 DIVISIONES CEJA DE COLOR;varios
SEPC;SE¥ALADORES DE FIRMA DE COLORES;STUDMARK
SERVICIO;SERVICIO TECNICO;varios
SGRA;SACA GRAPAS;varios
SH-16200A-2L(MM;All In 1 Hybrid Stand Alone DVR- 1080P Lite, 16CH Video Inputs. MM case;PROVISION ISR
SH-4100A-2L(MM);Provision DVR/4CH/SH-4100A-2L(MM)/AHD/1080P/MiniMetalCase;PROVISION ISR
SH-8100A-2L(MM);All In 1 Hybrid Stand Alone DVR-1080P lite, 8CH Video Inputs. MM case;PROVISION ISR
SILIC;SILICON LIQUIDO DE 30 ML **;varios
SILIC BAR;SILICON EN BARRA;varios
SILIC. LIQ;SILICON LIQUIDO DE 250ML **;varios
SILICON;SILICON LÖQUIDO DE 500 ML **;varios
SILLA E;SILLA DE ESPERA COLOR NEGRO;varios
SL;SILICON LÖQUIDO DE 100 ML**;varios
SOB BROCH;SOBRE PLASTICO T/C VERTICAL CON BROCHE;varios
SOBRE;SOBRE PLASTICO T/C CON BROCHE HORIZONTAL;varios
SOBRE 12 x 15;SOBRE DE MANILA 10 « x 7 «;varios
SOBRE CD;SOBRE BLANCO PARA CD;varios
SOLD. EST;SOLDADURA ESTA¥O 60% PB 40% DE 500G;varios
SOLIDO;DISCO DURO ESTADO SOLIDO 480GB KIGSTONE /SSDNOW;KINGSTON
SP 5210DN;TONER PARA SP 5210DN ORIGINAL;RICOH
SP C252C;TONER SP C252 CYAN ORIGINAL;RICOH
SP C252M;TONER SP C252 MAGENTA ORIGINAL;RICOH
SP C252N;TONER SP C252 NEGRO ORIGINAL;RICOH
SP C252Y;TONER SP C252 YELLOW ORIGINAL;RICOH
SPCH;SOBRE PLASTICO T/C HORIZONTAL CON HILO;varios
ST1/50;LAPICERO NEGRO 0.32 CJA 1/50 **;STABILO
STA1/50;LAPICERO AZUL 0.32 CJA 1/50 **;STABILO
STCAZ;SEPARADOR DE INDICE DE A-Z T/C DE COLOR 26 DIVISIONES;varios
STICK;STICKER CARITAS FELICES/ ESTRELLAS;varios
STL;SEPARADOR DE INDICE DE LA A-Z TAMA¥O LEGAL;varios
STUD 0.5;LAPIZ MECANICO 0.5 MM;STUDMARK
SU3000XL;BATERIA SMARTONLINE SU3000XL -UPS-AC 120V -2.4 KW- 3000 VA 9 AH - 9 OUTPUT CONEC;TRIPP LITE
SUMADORA;SUMADORA DE CINTA ELECTRICA;CASIO
SUMI0001;ENCOLOCHADORA INDUSTRIAL;varios
SW 8P;SWITCH DE 8 PUERTOS;varios
SWITCH;SWITCH DE 8 PUERTOS LG108P;varios
T GPR-51 C;DRUM GPR-51 CYAN P/ C1335IF ORIGINAL;CANON
T GPR-51 M;DRUM GPR-51 MAGENTA P/ C1335IF ORIGINAL;CANON
T GPR-51 Y;DRUM GPR-51 YELLOW P/ C1335IF ORIGINAL;CANON
T GPR-51B;DRUM GPR-51 NEGRO P/ C1351IF ORIGINAL;CANON
T. SELL;TINTA PARA  SELLO NEGRA;varios
T/C X;RESMA DE PAPEL BOND # 40 T/C;XEROX
T/L;RESMA PAPEL BOND # 40 T/L;varios
T/L XEROX;RESMA DE PAPEL BOND # 40 T/L;XEROX
T/OFICIO;RESMA DE PAPEL BOND # 40, T/ OFICIO 8 « x 13;varios
T01C220;CARTUCHO DE TINTA EPSON T01C220 CYAN P/WF579R;EPSON
T01C320;CARTUCHO  EPSON T01C320  MAGENTA WORKFORCE WF C579R;EPSON
T01C420;CARTUCHO DE TINTA EPSON T01C420 YELLOW P/WF C-579;EPSON
T01D120;CARTUCHO  EPSON T01D120 CYAN P/WF579R;EPSON
T036120;CARTUCHO T036120 ORIG.;EPSON
T038120;CARTUCHO T038120 ORIG.;EPSON
T039020;CARTUCHO T039020 ORIG.;EPSON
T040120;CARTUCHO T040120 ORIG.;EPSON
T041020;CARTUCHO T041020 ORIG.;EPSON
T0461;CARTUCHO T0461 NEGRO ORIG.;EPSON
T0472;CARTUCHO T0472 ORIG.;EPSON
T0473;CARTUCHO T0473 ORIG.;EPSON
T0474;CARTUCHO T0474 YELLOW ORIG.;EPSON
T0631;CARTUCHO T0631 NEGRO ORIG.;EPSON
T0632;CARTUCHO T0632 CYAN ORIG.;EPSON
T0633;CARTUCHO T0633 MAGENTA ORIG.;EPSON
T0634;CARTUCHO T0634 YELLOW ORIG.;EPSON
T0721;CARTUCHO T0721 NEGRO ORIGINAL;EPSON
T0731;CARTUCHO T0731 NEGRO ORIGINAL;EPSON
T0731HN;CARTUCHO T0731HN NEGRO ALTO REND.;EPSON
T0732;CARTUCHO T0732 CYAN ORIGINAL;EPSON
T0733;CARTUCHO T0733 MAGENTA ORIGINAL;EPSON
T0734;CARTUCHO T0734 YELLOW ORIGINAL;EPSON
T081120;CARTUCHO T081120 NEGRO ORIG;EPSON
T081220;CARTUCHOS T081220 CYAN ORIG;EPSON
T081320;CARTUCHO T081320 MAGENTA ORIG;EPSON
T081420;CARTUCHO T081420 YELLOW ORIG;EPSON
T081520;CARTUCHOS T081520 CYAN LIGTH ORIG;EPSON
T081620;CARTUCHO T081620 MAGENTA LIGTH ORIG;EPSON
T082120;CARTUCHO T082120 NEGRO ORIG.;EPSON
T082220;CARTUCHO T082220 CYAN ORIG.;EPSON
T082320;CARTUCHO T082320 MAGENTA ORIG.;EPSON
T082420;CARTUCHO T082420 YELLOW ORIG;EPSON
T082520;CARTUCHO T082520 CYAN LIGHT ORIG.;EPSON
T082620;CARTUCHO T082620 MAG LIGHT;EPSON
T090120;CARTUCHO T090120 BLACK ORIGINAL;EPSON
T103120;CARTUCHO T103120 NEGRO ORIG.;EPSON
T103220;CARTUCHO T103220 CYAN ORIG;EPSON
T103320;CARTUCHO T103320 MAGENTA ORIG.;EPSON
T103420;CARTUCHO T103420 YELLOW ORIG;EPSON
T115126;CARTUCHO T115126 NEGRO ORIGINAL;EPSON
T120;PLOTTER DESINGJET T120;H.P.
T132120;CARTUCHO T132120 NEGRO ORIGINAL.;EPSON
T133120;CARTUCHOS T133120 NEGRO ORIGINAL.;EPSON
T133220;CARTUCHOS T133220 CYAN ORIGINAL;EPSON
T133320;CARTUCHO T133320 MAGENTA ORIGINAL;EPSON
T133420;CARTUCHOS T133420 YELLOW ORIGINAL;EPSON
T134220;CARTUCHO T134220 YELL. ORIG.;EPSON
T135220;CARTUCHO T135220 CYAN ORIG.;EPSON
T136120;CARTUCHO T136120 DUAL PACK ORIG.p/7855;EPSON
T140120;CARTUCHO  T140120 # 140 NEGRO ORIGINAL;EPSON
T140220;CARTUCHO T140220 # 140 CYAN ORIGINAL;EPSON
T140320;CARTUCHO T140320 # 140 MAGENTA ORIGINAL;EPSON
T140420;CARTUCHO T140420 # 140 YELLOW ORIGINAL;EPSON
T195120;CARTUCHO T195120 NEGRO ORIGINAL;EPSON
T195220;CARTUCHO T195220 CYAN ORIGINAL;EPSON
T195320;CARTUCHO T195320 MAGENTA ORIGINAL;EPSON
T195420;CARTUCHO T195420 YELLOW ORIGINAL;EPSON
T197120;CARTUCHO T197120 NEGRO ALTA CAP. ORIGINAL;EPSON
T296120;CARTUCHO T296120 NEGRO ORIGINAL;EPSON
T296220;CARTUCHO T296220 CYAN ORIGINAL;EPSON
T296320;CARTUCHO T296320 MAGENTA ORIGINAL;EPSON
T296420;CARTUCHO T296420 YELLOW ORIGINAL;EPSON
T504120;TINTA T504120-AL NEGRO ORIGINAL P/ L4150, L4160, L6161;EPSON
T504220;TINTA T504220-AL CYAN ORIGINAL P/ L4150, L4160, L6161;EPSON
T504320;TINTA T504320-AL MAGENTA ORIGINAL P/ L4150, L4160, L6161;EPSON
T504420;TINTA T504420-AL YELLOW ORIGINAL P/ L4150, L4160, L6161;EPSON
T534120-A;CARTUCHO EPSON / T534120-AL / NEGRO / M1100/M1120/1180/2140/2170/M3170 - M3180;EPSON
T544120;TINTA T544120-AL NEGRA ORIGINAL P/L110/3110/L3150/L5190;EPSON
T544220;TINTA T544220-AL CYAN ORIGINAL P/L110/3110/L3150/L5190;EPSON
T544320;TINTA T544320-AL MAGENTA ORIGINAL P/L110/3110/L3150/L5190;EPSON
T544420;TINTA T544420-AL YELLOW ORIGINAL P/L110/3110/L3150/L5190;EPSON
T5846;IMPRESORA PICTURE MATE T5846;CANON
T650A11L;TONER LEXMARK T650A11L;LEXMARK
T650H11L;TONER LEXMARK T650H11L ORIGINAL;LEXMARK
T654X11L;TONER X654X11L NEGRO ORIGINAL;LEXMARK
T664120AL;TINTA T664120 NEGRO P/ L110/ L200 /L210/ L300/ L310/350/355/365/375/380/395/396/;EPSON
T664220AL;TINTA T664220 CYAN P/ L110/ L200 /L210/ L300/ L310/350/355/365/375/380/395/396/;EPSON
T664320AL;TINTA T664320 MAGENTA P/ L110/ L200 /L210/ L300/ L310/350/355/365/375/380/395/39;EPSON
T664420AL;TINTA T664420 YELLOW P/ L110/ L200 /L210/ L300/ L310/350/355/365/375/380/395/396;EPSON
T671400;TANQUE DE MANTENIMIENTO / T671400 / WF-C869R;EPSON
T671600;CAJA DE MANTENIMIENTO EPSON / T671600 / WF-C5710 - WF-C5790;EPSON
T673120;BOTELLA DE TINTA T673120 NEGRO ORIGINAL;EPSON
T673220;BOTELLA DE TINTA T673220 CYAN ORIGINAL;EPSON
T673320;BOTELLA DE TINTA T673320 MAGENTA ORIGINAL;EPSON
T673420;BOTELLA DE TINTA T673420 YELLOW ORIGINAL;EPSON
T673520;BOTELLA DE TINTA T673520 CYAN CLARO ORIGINAL;EPSON
T673620;BOTELLA DE TINTA T673620 MAGENTA CLARO ORIGINAL;EPSON
T692120;CARTUCHO EPSON T962120 NEGRO PARA WF M5299 & WF M5799;EPSON
T693100;Epson T693100 Photo Black 350ml  Tintas para plotters T3270, T5000, T7270, T7000;EPSON
T693200;Epson T693200 Cyan 350ml T-series, Tintas para plotters T3270, T5000, T7270, T70;EPSON
T693300;Epson T693300 Magenta 350ml T-series, Tintas para plotters T3270, T5000, T7270,;EPSON
T693400;Epson T693400 Yellow 350ml T-series, Tintas para plotters  T3270, T5000, T7270,;EPSON
T693500;Epson T693500 Matte Black 350ml T-series, Tintas para plotters;EPSON
T694100;CARTUCH P/POTTERS T694100 NEGR 700ml P/T3270, T5000, T7270, T5270D, T300070/3200;EPSON
T694200;CARTUCH P/POTTERS T694200 CYAN 700ml P/T3270, T5000, T7270, T5270D, T3000, T5270;EPSON
T694300;CARTUCHO P/PLOTTER MAGENTA T694300 700ML P/T3270/T5000/T7270/T7000/T5270D, T3000;EPSON
T694400;CARTUCH P/POTTERS T694400 YELL 700ml P/T3270, T5000, T7270, T5270D, T3000, T5270;EPSON
T694500;CARTUCHO  P/PLOTTER T694500 MATTE BLACK 700 ML  P/3270/T5000/T7270/T7000/T5270D;EPSON
T748XXL120AL;CARTUCHO DE TINTA NEGRO  P EPSON WORK FORCE WF-6090/6590;EPSON
T748XXL220AL;CARTUCHO DE TINTA  CYAN P WF-6090/6590;EPSON
T748XXL320AL;CARTUCHO DE TINTA  MAGENTA P WF-6090/6590;EPSON
T748XXL420AL;CARTUCHO DE TINTA  YELLOW P WF-6090/6590;EPSON
T774120;TINTA T774120 NEGRO ORIGINAL P/ M100//105/200/205l606/655/656/1455;EPSON
T941220;CARTUCHO EPSON CYAN /T941220-AL / WF-C5710 - WF-C5790;EPSON
T941320;CARTUCHO EPSON MAGENTA/T941320-AL / WF-C5710 - WF-C5790;EPSON
T941420;CARTUCHO EPSON YELLOW /T941420-AL / WF-C5710 - WF-C5790;EPSON
T942120;CARTUCHO EPSON NEGRO /T942120-AL / 10K /WF-C5710 - WF-C5790;EPSON
T973120;CARTUCHO DE TINTA T973120 COLOR NEGRO;EPSON
T973220;CARTUCHO EPSON T973220 / CYAN STD / WORKFORCE WF-C869R;EPSON
T973320;CARTUCHO EPSON T973320 / MAGENTA STD / WORKFORCE WF-C869R;EPSON
T973420;CARTUCHO EPSON T973420 / YELLOW STD / WORKFORCE WF-C869R;EPSON
T974120;CARTUCHO EPSON T974120 / NEGRO HI / WORKFORCE WF-C869R;EPSON
TAB CLAMP;TABLA CON CLAMP TAMA¥O CARTA;varios
TAB.P;TABLA PERIODICA DE LOS ELEMENTOS;varios
TACHUELA;TACHUELAS DE COLORES;varios
TAJ C/ DEP;TAJADOR METALICO CON DEPOSITO **;varios
TAJ MET;TAJADOR METALICO DE 1 HOYO **;varios
TAJADOR;TAJADOR DE ESCRITORIO MANUAL;varios
TAJP;TAJADOR PLASTICO **;varios
TAMBOR GPR-22;TAMBOR GPR-22 ORIGINAL;CANON
TAPE;"TAPE DOBLE CONTACTO ROLLO 3/4"" X 38 YD, SOPORTA HASTA 2 LBS.";SCOTCH
"TAPE « """;"TAPE TRANSPARENTE DE «"" X 72 YDS";varios
"TAPE 1 """;"MASKING TAPE DE  1""";varios
TAPE MAG;TAPE MAGICO;3M
TAPE TRANSP;"TAPE INDUSTRIAL TRANSPARENTE 2"" X 400 YDS";varios
TAPE1;TAPE TRANSPARENTE CINTA CRISTAL;SCOTCH
TAPIZADO;TAPIZADO Y CAMBIO DE EMBRAGUE NVO. SILLA EJEC;varios
TAQUIG.;LIBRETA DE TAQUIGRAFIA **;varios
TCL;TABLA CON CLAMP  T/L;varios
TDC;TAPE DOBLE CONTACTO PEQUE¥O;3M
TEC K230;TECLADO INALAMBRICO LOGITECH K230 920-004424;X TECH
TECLADO;TECLADO USB KB-125;GENIUS
TECLADO 1;TECLADO AGILER USB SPA NEGRO;varios
TECLADO L;TECLADO Y MOUSE MK345 WIRELESS;LOGITECH
TECLADO LE;TECLADO PARA LAPTOP E450 ID No. 49H02D;LENOVO
TEL 2;TELEFONO INALAMBRICO AT&T;varios
TELEF;TELEFONO SENCILLO/ MEM 03 NUM/ KX-TS520LXW;PANASONIC
TELILLA;TELILLA DE LIMPIEZA PARA CANON IR 8500;CANON
TEMPERA;TEMPERA COLORES VARIADOS **;varios
TERM 2 1/4;CINTA DE PAPEL TERMICO 2 x 1/4 X 2 x 1;varios
TIJ;TIJERA DE OFICINA;varios
TIJERA;TIJERA ESCOLAR **;varios
TIMBRE FISCALES;TIMBRES FISCALES DE C$ 10.00 **;varios
TINT AZ;TINTA PARA SELLO COLOR AZUL;varios
TINTA ETIQ;TINTA PARA ETIQUETADORA;varios
TINTA ROJ;TINTA PARA SELLO COLOR ROJA;varios
TIZA;TIZA COLOR BLANCO CAJA DE 12 UND **;varios
TIZA P;TIZA PASTEL SECO. CAJA DE 32 COLORES **;varios
TJV2GB;TARJETA DE VIDEO MSI 2GB-DDR3-64BIT 954MHDMI GT710;varios
TK-1147;TONER TK-1147 NEGRO ORIGINAL FS-1035-1135 MFP/L /M2035 2535dn/L ORIGINAL;KYOCERA
TK-1162;TONER TK-1162 ECOSYS P2040DW ORIGINAL;KYOCERA
TK-1175;TONER TK-1175 ORIGINAL;KYOCERA
TK-172;TONER TK-172 PARA FS-1320D/1370DN ECOSYS P2135d/2135dn ORIGINAL;KYOCERA
TK-3102;TONER TK-3102 ORIGINAL FS-2100DN/M3040/3045 idn ORIGINAL;KYOCERA
TK-3112;TONER TK 3112 ORIGINAL ECOSYS FS-4100DN ORIGINAL;KYOCERA
TK-3122;TONER TK-3122 ORIGINAL;KYOCERA
TK-3132;TONER TK-3132 PARA FS-4300DN/ M3560 idn ORIGINAL;KYOCERA
TK-3162;TONER TK-3162 PARA FS 3045DN ORIGINAL;KYOCERA
TK-3192;TONER TK-3192 ORIGINAL ECOSYS P3060DN ORIGINAL;KYOCERA
TK-5162C;TONER TK-5162C CYAN ORIGINAL;KYOCERA
TK-5162K;TONER TK-5162K NEGRO ORIGINAL;KYOCERA
TK-5162M;TONER TK-5162M MAGENTA ORIGINAL;KYOCERA
TK-5162Y;TONER TK-5162Y YELLOW ORIGINAL;KYOCERA
TK-5242C;TONER TK-5242C CYAN ORIGINAL P5026cdn, P5026cdw, M5526cdw;KYOCERA
TK-5242K;TONER TK-5242K NEGRO ORIGINAL  P5026cdn, P5026cdw, M5526cdw;KYOCERA
TK-5242M;TONER TK-5242M MAGENTA ORIGINAL  P5026cdn, P5026cdw, M5526cdw;KYOCERA
TK-5242Y;TONER TK-5242Y YELLOW ORIGINAL  P5026cdn, P5026cdw, M5526cdw;KYOCERA
TK-6307;TONER TK-6307K COLOR NEGRO;KYOCERA
TK-6707K;TONER TK-6707K NEGRO ORIGINAL;KYOCERA
TK-7107;TONER TK-7107 NEGRO ORIGINAL;KYOCERA
TK-712;TONER KYOCERA TK-712 P/FS9130DN9530DN;KYOCERA
TK-8307 BLACK;TONER KYOCERA TK-8307 BLACK;KYOCERA
TK-8307C;TONER KYOCERA TK-8307CYAN;KYOCERA
TK-8307M;TONER KYOCERA TK-8307 MAGENTA;KYOCERA
TK-8307Y;TONER KYOCERA TK-8307 YELLOW;KYOCERA
TK-8327C;TONER TK-8327C CYAN ORIGINAL P/ 2551CI;KYOCERA
TK-8327K;TONER TK-8327K NEGRO ORIGINAL P/ 2551CI;KYOCERA
TK-8327M;TONER TK-8327M MAGENTA ORIGINAL P/ 2551CI;KYOCERA
TK-8327Y;TONER TK-8327Y YELLOW ORIGINAL P/ 2551CI;KYOCERA
TLCH;SOBRE PLASTICO T/L VERTICAL CON HILO;varios
TMU 950P;TMU EPSON 950P WHITE PARALLEL C-31C176252;EPSON
TN-113;TONER TN-113 ORIGINAL P/ 4518;KONICA MINOLTA
TN-114;TONER TN-114 210/211 ORIGINAL;KONICA MINOLTA
TN-210 C;CARTUCHO TN-210 CYAN ORIG.;BROTHER
TN-210 M;CARTUCHO TN-210 MAG. ORIG.;BROTHER
TN-210 N;CARTUCHO TN-210 NEGRO ORIG.;BROTHER
TN-210 Y;CARTUCHO TN-210 YELL. ORIG.;BROTHER
TN-211;TONER TN-211 ORIGINAL;KONICA MINOLTA
TN-250;TONER  TN-250 ORIGINAL;BROTHER
TN-314C;TONER TN-314C CYAN ORIGINAL;KONICA MINOLTA
TN-314K;TONER TN-314K NEGRO ORIGINAL;KONICA MINOLTA
TN-314M;TONER TN-314M MAGENTA ORIGINAL;KONICA MINOLTA
TN-314Y;TONER TN-314Y YELLOW ORIGINAL;KONICA MINOLTA
TN-330;TONER TN-330 ORIG.;BROTHER
TN-360;TONER TN-360 ORIGINAL;BROTHER
TN-420;TONER TN-420 P/ 7860DW ORIGINAL;BROTHER
TN-550;TONER TN-550 ORIGINAL;BROTHER
TN-580;TONER TN-580 ORIGINAL;BROTHER
TN-630;TONER TN-630 ORIGINAL;BROTHER
TN-650;TONER TN-650 ORIGINAL;BROTHER
TN-720;TONER TN-720 ORIGINAL;BROTHER
TN323;TONER KONICA MINOLTA TN-323 BLACK BIZHUB 367;KONICA MINOLTA
TN324C;TONER TN324C CYAN KONICA MINOLTA ORIGINAL;KONICA MINOLTA
TN324K;TINER TN324K BLACK KONICA MINOLTA ORIGINAL;KONICA MINOLTA
TN324M;TONER TN324M MAGENTA KONICA MINOLTA ORIGINAL;KONICA MINOLTA
TN324Y;TONER 324Y YELLOW KONICA MINOLTA ORIGINAL;KONICA MINOLTA
TN350;TONER TN-350 ORIGINAL;BROTHER
TN620;TONER TN-620 ORIGINAL;BROTHER
TORRE; TORRE CD- R DE 100 UND;varios
TP-LINK;SWITCH 24 PORT PARA RACK 10/100 TL-SF1024 (UN);TP-LINK
TPSR;TINTA PARA SELLO AZUL EN ROLL ON;PELIKAN
TR12X120;TINTA TR12X120 NEGRO P/ WF-R5690 ORIGINAL;EPSON
TR12X220;TINTA TR12X220 CYAN P/ WF-R5690 ORIGINAL;EPSON
TR12X320;TINTA TR12X320 MAGENTA P/ WF-R5690 ORIGINAL;EPSON
TR12X420;TINTA TR12X420 AMARILLO P/ WF-R5690 ORIGINAL;EPSON
TRIT;TRITURADORA DE PAPEL 12 HOJAS MARCA ROYAL;ROYAL
TV;"TELEVISOR LED 40"" HITACHI";HITACHI
TV 43 LED;TV 43 LED HAIER FULL HD 1080 SLIN/ISDB-T TURNER ANDROID;DELL
UNIV. D.A;CUADERNO UNIVERSITARIO RAYADO  **;varios
UPS;UPS FORZA HT-750LCD UPS 750VA/375W 120V 12-NEMA 2-USB 50/60H;FORZA
UPS APC PRO;UPS APC PRO 1000 VA BACK BR1000;APC
UPS FX;UPS FX-2200 LCD 2200VA 1200W 8 OUT 120V;FORZA
UPS2;UPS FORZA HT-1000LCD UPS 1000VA/500W 120V 12-NEMA 2-USB 50/6;FORZA
UPS3;UPS FORZA NT-1011 UPS 1000VA/500W 120 6-NEMA RJ11 45/65Hz;FORZA
UPS5;UPS APC SMART 3KVA 120V 10 TOMAS 3000VA USB SUA3000;APC
USB;CABLE USB;varios
USB 128GB;MEMORIA USB DE 128 GB;varios
USB 16G;MEMORIA USB DE 16 GB;KINGSTON
USB 64GB;MEMORIA USB DE 64GB;MAXELL
USB32GB;MEMORIA USB DE 32GB DTIG4;KINGSTON
VAR0001;TARJETA DE RED TL-WN881ND PCI EXPRESS- WIRELESS;varios
VAR0002;LAPICERO PENTEL BK-890 NEGRO PUNTA FINA;PENTEL
W1105A;TONER W1105A # 105A NEGRO ORGINAL P/ 107 MFP135 MFP 137 REND 1000 PAG;H.P.
W2020A;TONER HP W2020A # 414A NEGRO M454, MFP M479, REND 2400 PµG;H.P.
W2021A;TONER HP W2021A #414A  CYAN M454, MFP M479, REND 2,100 PµG;H.P.
W2022A;TONER HP W2022A # 414A  YELLOW P/M454, MFP M479 REND 2100 PAG;H.P.
W2023A;TONER HP W2023A #414 A MAGENTA P/M454, MFP M479 REND 2,100 PAG;H.P.
W84020H;TONER W84020H ORIGINAL;LEXMARK
WD10PURZ;DISCO DURO WD INTERNO 1TB PURPLE P/CCTV;WESTERN DIGITAL
WD2PURZ;DISCO DURO WD INTERNO 2TB PURPLE P/CCTV;WESTERN DIGITAL
WD4TPURZ;DISCO DURO WD INTERNO 4TB PURPLE P/CCTV;WESTERN DIGITAL
WD60PURZ;DISCO DURO INTERNO 3.5 6TB WD PURPLE;WESTERN DIGITAL
WF-C5710;IMPRESORA MULTIFUNCIONAL EPSON WORKFORCE PRO WF-C5710 /C11CG03301;EPSON
WF-C579R;IMPRESORA EPSON WORKFORCE   PRO WF- C579R  COLOR MFP;EPSON
WF-C869R;EPSON WF-C869R RIPS 4 IN 1 NETWORK MFP;EPSON
WF-DS40;SCANNER EPSON WORKFORCE DS 40/ B11B225201;EPSON
X203A11G;TONER  X203A11G ORIGINAL;LEXMARK
X25;TONER X25 ORIGINAL;CANON
X264A11G;TONER X264A11G ORIGINAL 3,500 PAGINAS;LEXMARK
X264H11G;TONER X264H11G ORIGINAL 9,000 PAGINAS;LEXMARK
X340A11G;TONER X340A11G ORIGINAL;LEXMARK
X340H22G;FOTOCONDUCTOR X340H22G ORIGINAL;LEXMARK
X463X11G;TONER X463X11G ORIGINAL P/X463, 464, 466;LEXMARK
X644A11L;TONER X644H11L ORIG. 21,000 PAG.;LEXMARK
X644X11L;TONER X644X11L ORIG. 32,000 PAG.;LEXMARK
XTK-091;TECLADO USB XTECH ESPA¥OL NEGRO XTK-091;X TECH
XTK-300S;COMBO TECLADO Y MOUSE XTK-300S;X TECH
XTM185;MOUSE OPTICO USB 3 BOTONES ERGONOMICOS 800DPI;X TECH
XTM310BK;MOUSE XTECH INALAMBRICO 1600DPI NEGRO XTM-310BK;X TECH
XTM310BL;MOUSE XTECH INALAMBRICO 1600DPI AZUL XTM-310BL;X TECH
XTX-090S;TECLADO ESTANDARD XTECH USB ESPA¥OL XTK-090S;X TECH
Y5;TELEFONO CELULAR Y5 2018 BLACK DRA L-23/ LX3;HUAWEI
Y7;TELEFONO CELULAR Y7;HUAWEI
ZIPLOC;BOLSA ZIPLOC PAQ. DE 25 UND **;varios
